system,case_id,split,query,response,predicted_refusal,expected_refusal,accuracy_hit,retrieval_hit,text_similarity,latency_ms,source_titles
internal_rag,event_summary_001,event_summary,请根据知识库概括这件事的核心内容：2023年7月20日，应急管理部、财政部联合下发《因灾倒塌、损坏住房恢复重建救助工作规范》的通知，规范倒损住房恢复重建救助相关工作。,应急管理部与财政部联合下发关于印发《因灾倒塌、损坏住房恢复重建救助工作规范》的通知。 规范了倒损住房恢复重建救助的相关工作流程和资金管理方式。 地方政府负责落实倒损住房恢复重建救助工作，中央财政给予适当补助。 倒损住房恢复重建补助资金实行专账管理和单独核算，采取“自主申请、不建不补； 逐户统计、发放到户”的方式。,0,0,0,1,0.4104,7.08,CRUD_DOC_00001_2023-07-20 10:02， 本报讯 近日，应急管理部、财政部联合
internal_rag,event_summary_002,event_summary,请根据知识库概括这件事的核心内容：2022年7月21日至23日，日本岸田内阁的支持率在读卖新闻社的民调中下降6个百分点至35%，创就职以来的新低，不支持率上升至52%。,2022年7月21日至23日，日本岸田内阁的支持率在读卖新闻社的民调中降至35%，为就职以来新低，下降了6个百分点。 同时，不支持率上升至52%。,0,0,0,1,0.1667,2253.24,CRUD_DOC_00002_07/25 07:11， 据日本《读卖新闻》7月24日报道，读卖新闻社7 | CRUD_DOC_01115_2023-08-09 00:15， 8月8日，在江苏连云港港，进港货轮缓 | CRUD_DOC_00854_中国经济网北京8月3日讯 赛科希德(688338.SH)今日收报33.5
internal_rag,event_summary_003,event_summary,请根据知识库概括这件事的核心内容：2023年8月15日，天津市静海区台头镇清北地区北围埝上的应急抢险队在大清河洪水红色预警生效中进行堤坝风险排查和人民生命财产安全保障。,2023年8月15日，在天津市静海区台头镇清北地区北围埝上，应急抢险队在大清河洪水红色预警生效期间，顶着烈日巡护、排查堤坝风险，确保洪水顺利下泄和人民群众生命财产安全。,0,0,0,1,0.6124,2042.25,CRUD_DOC_00003_2023-08-15 19:12:54， 8月15日，应急抢险队在天津市 | CRUD_DOC_00315_2023-08-07 08:02， 记者昨日从天津市水务局获悉，8月6日
internal_rag,event_summary_004,event_summary,请根据知识库概括这件事的核心内容：2023年8月16日，湖北省35个县市出现35℃以上高温，并预计未来三天高温将持续，局部地区可能有阵雨或雷阵雨，咸宁及其他强降水区域可能发生地质灾害。,2023年8月16日，湖北省内35个县市出现了35℃以上的高温天气。 预计未来三天省内大部分地区将以晴到多云的天气为主，高温将持续发展，局部地区可能出现阵雨或雷阵雨。 此外，咸宁及其他强降水区域发生崩塌、滑坡、泥石流等地质灾害的风险较大。,0,0,0,1,0.5063,2127.59,CRUD_DOC_00004_2023-08-16 14:26:26， 截至昨天（15日）下午3点全省
internal_rag,event_summary_005,event_summary,请根据知识库概括这件事的核心内容：2023年8月15日，湖北十堰市公安局南水北调水源区生态环境警察支队在十堰市生态环境保护综合执法支队办公楼正式挂牌。,2023年8月15日，湖北十堰市公安局南水北调水源区生态环境警察支队在十堰市生态环境保护综合执法支队办公楼正式挂牌。 该支队为市公安局内设正科级机构，主要负责侦办十堰市范围内的生态环境犯罪案件，并协助开展相关工作。,0,0,0,1,0.295,2208.38,CRUD_DOC_00005_2023-08-16 21:10:02， 极目新闻记者 胡迪凯通讯员 叶 | CRUD_DOC_00349_2023-08-15， 8月14日下午，山东省人民政府新闻办公室举行山东 | CRUD_DOC_00478_2023-08-11 08:15， 原标题：珠江流域（西江）环境资源司法
internal_rag,event_summary_006,event_summary,请根据知识库概括这件事的核心内容：2023年8月16日，韩国总统尹锡悦在光复节78周年纪念仪式上的演讲中，提出韩日两国为世界和平与繁荣作出贡献的观点，引发韩国国内的不满。,2023年8月16日，韩国总统尹锡悦在光复节78周年纪念仪式上强调了韩日合作的重要性，并表示两国作为安全和经济合作伙伴可以为世界和平与繁荣做出贡献。 这一言论引发了韩国国内的不满，特别是在野党共同民主党党首李在明对此表达了批评意见，认为不应与不反省过去的日本进行无差别军事合作。 同时，尹锡悦的讲话也受到了日本媒体的关注，被认为与以往历届总统的致辞有所不同。,0,0,0,1,0.3315,2338.06,CRUD_DOC_00006_08/16 13:51， 【环球网报道 见习记者 姜蔼玲】韩国总统尹锡悦
internal_rag,event_summary_007,event_summary,请根据知识库概括这件事的核心内容：2021年8月7日至11日，山西省团校阳泉学院举办了团山西省委书记张钧主持的学习贯彻习近平总书记在同团中央新一届领导班子成员集体谈话时的重要讲话精神和团十九大部署暨提升基层改革攻坚能力专题培训班。,2021年8月7日至11日，山西共青团在山西省团校阳泉学院举办了主题为学习贯彻习近平总书记在同团中央新一届领导班子成员集体谈话时的重要讲话精神和团十九大部署暨提升基层改革攻坚能力的专题培训班。 张钧主持了此次培训，并作主题报告。 培训内容聚焦深化学习习近平新时代中国特色社会主义思想，围绕青年工作的重要思想及考察调研山西重要讲话重要指示精神，贯彻落实山西省委关于高质量发展、现代化建设的部署要求和团十九大各项部署等内容。,0,0,0,1,0.5403,2370.45,CRUD_DOC_00007_， 本报讯（中青报·中青网记者 胡志中）8月7日至11日，山西共青团学习
internal_rag,event_summary_008,event_summary,请根据知识库概括这件事的核心内容：2023年7月27日，中国常驻联合国代表张军在联合国表示，希望安理会能够就完全解除对中非共和国的武器禁运采取进一步行动。,2023年7月27日，中国常驻联合国代表张军在联合国表示，希望安理会能够就完全解除对中非共和国的武器禁运采取进一步行动。 根据安理会当天通过的第2693号决议，决定将对中非的武器禁运延长一年至2024年7月31日。 中国和俄罗斯投了弃权票。 决议虽然决定安理会武器禁运措施和报备要求不再适用于中非安全部队，但未能完全满足中非关于解除武器禁运的要求。,0,0,0,1,0.634,2521.21,CRUD_DOC_00008_新华社联合国7月27日电 中国常驻联合国代表张军27日说，武器禁运已不适
internal_rag,event_summary_009,event_summary,请根据知识库概括这件事的核心内容：2023年7月21日，也门塔伊兹省，联合国世界粮食计划署的约旦籍工作人员穆阿耶德·哈梅迪在餐厅用餐时，遭不明身份枪手袭击，身中数枪后不治身亡。,2023年7月21日，也门塔伊兹省发生一起事件：联合国世界粮食计划署的一名约旦籍工作人员穆阿耶德·哈梅迪在餐厅用餐时遭到不明身份枪手袭击，身中数枪后不治身亡。,0,0,0,1,0.4032,1939.7,CRUD_DOC_00009_新华社开罗7月21日电（记者王尚）亚丁消息：也门政府21日说，一名联合国
internal_rag,event_summary_010,event_summary,请根据知识库概括这件事的核心内容：2023年9月7日至9月9日，外滩大会组委会将在上海世博园举办全球级金融科技大会“2023 inclusion·外滩大会”。,2023年9月7日至9月9日，外滩大会组委会将在上海世博园举办全球级金融科技大会“2023 inclusion·外滩大会”。 大会主题为“科技·创造可持续未来”，涵盖主论坛、见解论坛、科技展和绿色集市等多项活动。,0,0,0,1,0.2934,1832.84,CRUD_DOC_00010_记者：孙奇茹， 8月8日，外滩大会组委会宣布，全球级金融科技大会“202
internal_rag,questanswer_1doc_001,questanswer_1doc,"国家卫生健康委员会于2023年7月28日启动了名为""启明行动""的专项活动，旨在针对特定群体的特定健康问题进行防控。请问这项活动具体针对哪个群体的健康问题？同时，请提供该活动所依据的指导性文件的名称。",国家卫生健康委员会于2023年启动了“启明行动”——防控儿童青少年近视健康促进活动，旨在重视儿童眼保健，守护孩子视力健康。 这项活动依据的是《防控儿童青少年近视核心知识十条》作为指导性文件。,0,0,0,1,0.4516,2669.12,"CRUD_DOC_00011_2023-07-28 10:14:27作者：白剑峰来源：人民日报 ， 为 | CRUD_DOC_00022_“启明行动”将开展社会宣传和健康教育，充分利用网络、广播电视、报刊杂志、 | CRUD_DOC_00163_7-26 12:42，  央视网消息：国家卫生健康委等部门日前印发通知， | CRUD_DOC_00361_2023-08-16， 8月15日，安徽池州市卫生健康委员会网站发布《关 | CRUD_DOC_00144_汛期期间——如何保持健康卫生习惯近日,受台风“杜苏芮”影响,全国多地出现"
internal_rag,questanswer_1doc_002,questanswer_1doc,2023年8月3日在广州国际交流合作中心举行的研讨会暨发布会是由哪个机构举办的，同时发布的《广州城市国际化发展报告（2023）》指出自2018年以来广州在哪些新兴产业领域的产业比重中提升？,2023年8月3日在广州国际交流合作中心举行的研讨会暨发布会是由广州市社会科学院举办的。 《广州城市国际化发展报告（2023）》指出，自2018年以来，广州在生物医药与健康、智能与新能源汽车、智能装备与机器人等新兴产业领域的产业比重中提升。,0,0,0,1,0.8627,2031.88,"CRUD_DOC_00012_2023-08-03 20:43， 南方网讯 （记者/杨智明 通讯员/穗 | CRUD_DOC_00024_自2014年启动以来，已累计募集岗位超18万个，帮助11万余名大学生走上 | CRUD_DOC_00023_总结了2022年广州城市国际化发展现状,通过分析广州在权威全球城市评价排"
internal_rag,questanswer_1doc_003,questanswer_1doc,2023年上半年，武汉市的GDP增长率是多少，并且这个增长率在全国副省级及以上城市中排名第几？,2023年上半年，武汉市的GDP增长率为5.0%。,0,0,1,1,1.0,2157.64,"CRUD_DOC_00013_2023-07-27 20:51:56， 湖北日报讯（记者朱惠）“上半年 | CRUD_DOC_00045_2023-07-28 13:13， 杭州城市风光。视觉中国 资料图7月2 | CRUD_DOC_00026_6%。分产业看,第一产业增加值1766.62亿元,增长4.1%;第二产业 | CRUD_DOC_00025_3个百分点，高于全国1.4个百分点。分产业看，第一产业增加值151亿元， | CRUD_DOC_01104_2023-07-25 21:30， 中新网杭州7月25日电(王逸飞)25"
internal_rag,questanswer_1doc_004,questanswer_1doc,在巴巴多斯首都布里奇敦举行的会议中，哪些组织共同呼吁前殖民国家为历史罪行作出赔偿？,在巴巴多斯首都布里奇敦举行的会议中，巴巴多斯政府、非洲联盟（非盟）经济、社会和文化理事会以及加勒比地区自治性区域大学西印度群岛大学共同呼吁前殖民国家为历史罪行作出赔偿。,0,0,1,1,1.0,1759.08,CRUD_DOC_00014_07/29 07:45， 新华社墨西哥城7月28日电（记者宣力祺）布里奇
internal_rag,questanswer_1doc_005,questanswer_1doc,广东职业技术学院的“柚”提兴农团队采用了哪种方法从废果弃果中成功提取高价值精油？,根据当前检索到的知识库内容，没有找到足够相关的参考资料，因此我暂时无法给出可靠回答。,1,0,0,0,0.0206,3356.33,
internal_rag,questanswer_1doc_006,questanswer_1doc,首届“瑶池杯”昆仑美食节在青海省格尔木市举办的日期是什么时候？,首届“瑶池杯”昆仑美食节于2023年7月29日晚间在青海省格尔木市举办。,0,0,0,1,0.597,1615.88,"CRUD_DOC_00016_2023-7-31 11:19，  中新网青海格尔木7月30日电(记者  | CRUD_DOC_00031_同时，首届“昆仑之星”全民器乐才艺大赛中，格尔木爱韵艺术学校的选送作品《 | CRUD_DOC_00032_被誉为“炕锅美食之都”。当日,青海省餐饮行业协会授予格尔木“炕锅美食之都"
internal_rag,questanswer_1doc_007,questanswer_1doc,乌克兰外交部长德米特罗·库列巴与克罗地亚外交和欧洲事务部长格尔利奇·拉德曼在2023年7月31日的会谈中达成了哪项关于乌克兰谷物出口的协议？,乌克兰和克罗地亚已就乌克兰使用克罗地亚位于多瑙河以及亚得里亚海的港口出口乌克兰谷物达成一致。,0,0,0,1,0.623,3758.51,CRUD_DOC_00017_2023-08-01 15:47， 当地时间2023年7月18日，乌克兰
internal_rag,questanswer_1doc_008,questanswer_1doc,安徽安庆高新区在2023年对多少个项目完成了安全条件审查和安全设施设计审查，并且有多少个项目完成了试生产把关？,2023年以来，安徽安庆高新区先后指导27个项目完成安全条件审查、安全设施设计审查，17个项目完成试生产把关。,0,0,0,1,0.7619,1833.8,CRUD_DOC_00018_2023-08-10 15:18， 本网讯 近来，安徽安庆高新区始终坚持 | CRUD_DOC_00272_2023-08-08 16:52:16， 晚上8:00，位于宝山高新区的
internal_rag,questanswer_1doc_009,questanswer_1doc,中车大连机车车辆有限公司为中老铁路设计制造的HXN3型大功率内燃机车具备哪些特点？,中车大连机车车辆有限公司为中老铁路设计制造的HXN3型大功率内燃机车具有以下特点： 可靠性好：在运行过程中表现出较高的稳定性和耐用性。 成本低：在设计和制造上注重成本效益。 这些特点使得HXN3型大功率内燃机车特别适合中老铁路的运营需求，尤其是在应对高温潮湿气候条件方面进行了优化设计。,0,0,0,1,0.2599,2678.03,CRUD_DOC_00019_7月21日在老挝磨丁拍摄的中车大连机车车辆有限公司设计制造的HXN3型大
internal_rag,questanswer_1doc_010,questanswer_1doc,韩国警方和国会事务处收到的威胁邮件中，发件人要求在什么时间之前杀掉共同民主党党首李在明，否则将采取什么行动？,发件人在威胁邮件中要求在8月9日15时34分以前杀掉共同民主党党首李在明，否则将在首尔市某图书馆一带设置的定时炸弹被引爆。,0,0,0,1,0.699,1743.57,CRUD_DOC_00057_极目新闻综合广州日报、南方日报 （来源：极目新闻） 2023-08-09 | CRUD_DOC_00058_2023-08-09 07:20， 【环球网报道】据韩联社报道，根据韩国 | CRUD_DOC_00020_2023-08-09 01:21， 当地时间2023年6月19日，韩国首 | CRUD_DOC_00056_报道称，首尔警察厅网络侦查队已经确认这一威胁，并发现这封邮件的发件人与之
internal_rag,questanswer_2docs_001,questanswer_2docs,在“启明行动”中，国家卫健委推广的《防控儿童青少年近视核心知识十条》包含哪些内容，且医疗机构应如何配合该行动向家长提供指导？,《防控儿童青少年近视核心知识十条》包括以下内容： 1. 预防近视从小从早做起。 医疗机构在配合“启明行动”时，应以儿童家长和养育人为重点对象，结合眼保健和眼科临床服务，开展个性化咨询指导。 针对儿童常见眼病和近视防控等重点问题，通过面对面的咨询指导，引导儿童家长树立正确的近视防控意识，改变不良的生活方式，并加强户外活动，养成良好的爱眼护眼习惯。,0,0,0,1,0.4,3470.62,CRUD_DOC_00041_《防控儿童青少年近视核心知识十条》包括：预防近视从小从早做起、每天日间户 | CRUD_DOC_00022_“启明行动”将开展社会宣传和健康教育，充分利用网络、广播电视、报刊杂志、 | CRUD_DOC_00021_我国将开展防控近视“启明行动”北京日报讯（实习记者 柴嵘）国家卫健委昨天 | CRUD_DOC_00011_2023-07-28 10:14:27作者：白剑峰来源：人民日报 ， 为
internal_rag,questanswer_2docs_002,questanswer_2docs,广州在全球城市评价排名中的提升主要体现在哪些方面，以及《蓝皮书》的发布机构是什么？,广州在全球城市评价排名中的提升主要体现在商业活动和文化体验维度的进步。 在科尔尼全球城市系列指数中，广州的排名保持稳步提升态势，在2022年的全球城市指数排名结果显示，广州上升4名，达到全球第56位； 在全球潜力城市指数排名方面，广州排名大幅上升8位至第26位。 《蓝皮书》的发布机构是广州市社会科学院与社会科学文献出版社联合发布的。,0,0,0,1,0.5785,2309.77,"CRUD_DOC_00023_总结了2022年广州城市国际化发展现状,通过分析广州在权威全球城市评价排 | CRUD_DOC_00024_自2014年启动以来，已累计募集岗位超18万个，帮助11万余名大学生走上 | CRUD_DOC_00012_2023-08-03 20:43， 南方网讯 （记者/杨智明 通讯员/穗"
internal_rag,questanswer_2docs_003,questanswer_2docs,武汉市在湖北省上半年GDP增速中的表现如何，与全省增速相比呢？,武汉增速位列第7，全国平均增长水平（5.5%），武汉增速超过全国平均水平。,0,0,0,0,0.2105,3670.34,CRUD_DOC_00013_2023-07-27 20:51:56， 湖北日报讯（记者朱惠）“上半年
internal_rag,questanswer_2docs_004,questanswer_2docs,在第二届俄罗斯-非洲峰会宣言中，俄罗斯和非洲国家决定在哪些领域建立合作，并约定了未来峰会和议会会议的举办频率是多少？,根据第二届俄罗斯 非洲峰会宣言的内容，在政治、安全、经贸、粮食、能源等领域，俄罗斯与非洲国家将进行合作。 宣言还提到，双方将建立对话伙伴机制，便于俄外交部、非洲国家外交部和非洲联盟之间定期进行政治磋商； 并将建立高级别常设对话机制，以协调打击恐怖主义和极端主义，以及解决与粮食和信息安全有关的问题等。 关于未来峰会和议会会议的举办频率，宣言中约定每三年举办一次俄罗斯 非洲峰会，每年举办一次俄非议会会议。,0,0,0,1,0.4496,2458.58,"CRUD_DOC_00028_联系方式:shzixun@online.sh.cn 2023-07-30 | CRUD_DOC_00027_请在上述海域作业的船只注意避浪，并及时关注后续海浪预警报。 ， 新华社圣 | CRUD_DOC_01107_普京表示,俄罗斯与非洲国家不接受单方面的制裁和限制措施,类似做法不仅损害"
internal_rag,questanswer_2docs_005,questanswer_2docs,在广西和湖南两个地区的乡村振兴活动中，分别有哪些特色产业得到了发展，以及这些产业是如何通过科技创新或资源利用得到提升的？,参考文档主要涉及湖南省安化县兴果村的“融核本草”乡村振兴实践团活动，该团队结合当地优势开展了多项专题活动，但并未详细说明具体特色产业的发展及其科技创新或资源利用的情况。,0,0,0,1,0.2435,2747.73,"CRUD_DOC_00030_本文链接:https://ldhn.rednet.cn/content/ | CRUD_DOC_00671_近日，中共中央、国务院印发了《乡村振兴战略规划（2018—2022年）》 | CRUD_DOC_00631_时间：2023-08-06 08:35:00， 聚焦头等大事办好每一个涉 | CRUD_DOC_00681_中国海油集团有限公司调研组赴我州调研乡村振兴工作为深入贯彻新发展理念,进 | CRUD_DOC_00989_2023南国书香节暨羊城书展8月18日至22日举办羊城晚报全媒体记者 孙"
internal_rag,questanswer_2docs_006,questanswer_2docs,在格尔木市的文化和美食活动中，哪些特色美食和文化表现获得了认可和荣誉，以及这些活动对城市形象有何影响？,在格尔木市的文化和美食活动中，多项特色美食和文化表现获得了认可与荣誉。 首届“瑶池杯”昆仑美食节期间，格尔木的炕锅美食尤为突出，青海省餐饮行业协会授予格尔木“炕锅美食之都”的荣誉称号，并且评选出了一些获奖企业及个人。 例如，“格尔木允升和湘粤海鲜楼”获得鼎级金奖，祁生鹏在厨王争霸赛中获得了个人奖冠军。 此外，在首届“昆仑之星”全民器乐才艺大赛中，格尔木爱韵艺术学校的选送作品《战台风》也荣获了一等奖。 这些活动不仅展示了格尔木丰富的自然资源和独特的美食文化，还促进了当地餐饮业的创新与发展，提升了城市的知名度与美誉度，展现了开放包容的城市形象。 总的来说，这些文化和美食活动对提升格尔木市的城市形象起到了积极的作用，增强了城市的文化魅力、生态定力和旅游引力，同时也让更多的游客和市民感受到了格尔木的独特魅力。,0,0,0,1,0.3943,3490.16,"CRUD_DOC_00016_2023-7-31 11:19，  中新网青海格尔木7月30日电(记者  | CRUD_DOC_00032_被誉为“炕锅美食之都”。当日,青海省餐饮行业协会授予格尔木“炕锅美食之都 | CRUD_DOC_00031_同时，首届“昆仑之星”全民器乐才艺大赛中，格尔木爱韵艺术学校的选送作品《"
internal_rag,questanswer_2docs_007,questanswer_2docs,在乌克兰与克罗地亚的会谈中，双方探讨了哪些具体的粮食出口新路线，以及这些路线的选择考虑到了哪些地理和历史背景因素？,在乌克兰与克罗地亚的会谈中，双方探讨了利用克罗地亚位于多瑙河与亚得里亚海的港口来出口乌克兰的粮食。 选择这一新路线主要是因为黑海运量通道中断后，乌克兰依赖经由欧盟的陆路出口路线以及经由多瑙河的替代路线。 考虑到了地理因素，克罗地亚并不直接接壤乌克兰，但其在亚得里亚海的港口和铁路可以作为新的出口途径。 历史背景方面，俄乌冲突爆发后，黑海地区的港口外运农产品受到干扰，导致乌克兰粮食出口面临挑战。,0,0,0,1,0.2997,2888.73,CRUD_DOC_00033_据路透社7月31日报道，乌克兰外长库列巴当天与克罗地亚外长拉德曼会谈后表 | CRUD_DOC_00534_2023-08-01 08:54， 原标题：乌外长库列巴：与克罗地亚达成 | CRUD_DOC_00053_第二位是奶或花生等成分。下一篇 （观察者网讯）黑海粮食协议中止后，乌克兰 | CRUD_DOC_00017_2023-08-01 15:47， 当地时间2023年7月18日，乌克兰 | CRUD_DOC_00034_”。乌克兰外长库列巴7月17日在联合国安理会发表讲话/资料图在黑海运量通
internal_rag,questanswer_2docs_008,questanswer_2docs,在第6号台风“卡努”预计影响的时间内，国家防总和应急管理部对哪些地区启动了何种级别的防汛应急响应，并且哪些地区的应急响应级别有所变化？,在第6号台风“卡努”预计影响的时间内，国家防总和应急管理部采取了一系列措施来应对可能的灾害。 2. 7月30日上午，启动了对北京、天津、河北、山西、河南等重点省份的防汛二级应急响应。 3. 国家防总于2023年8月2日15时针对第6号台风“卡努”启动了防汛防台风四级应急响应，并向福建、浙江和太湖流域防汛抗旱指挥部下发通知，派出工作组赴浙江协助指导防台风工作。 此外，国家防总的防汛应急响应级别在不同时间和地区有所变化。 国家防总于29日12时将针对京津冀晋鲁豫6省份的防汛应急响应提升至三级。 这些措施体现了国家对可能发生的严重洪涝灾害的高度重视和应对准备。,0,0,0,1,0.4587,4101.59,"CRUD_DOC_00035_举报/反馈 据应急管理部网站消息，7月30日上午，国家防总副总指挥、应急 | CRUD_DOC_00036_本轮降水与前期出现暴雨洪涝灾害的地区重叠，要特别防范农田渍涝、中小河流洪 | CRUD_DOC_00054_国家防总于29日12时将针对京津冀晋鲁豫6省份的防汛应急响应提升至三级， | CRUD_DOC_00861_2023-07-28 13:59，  原标题：部分地区或有严重洪涝灾害  | CRUD_DOC_00420_""直击｜台风“卡努”掀20米巨浪，浙江拉响风暴潮红警澎湃新闻记者 李晶昀"
internal_rag,questanswer_2docs_009,questanswer_2docs,在“中国-老挝先天性心脏病联合筛查和治疗”医疗合作项目中，帕萨哈的手术费用是如何被处理的，同时中国医疗组采用了哪些特殊设施来进行治疗？,在“中国 老挝先天性心脏病联合筛查和治疗”医疗合作项目中，帕萨哈的手术费用得到了免除。 这是通过上述医疗合作项目的支持实现的。 这表明中国医疗团队配备了先进的技术和设备以提供高质量的医疗服务。,0,0,0,1,0.6265,2248.12,"CRUD_DOC_00037_”今年6月中下旬，在中国民间组织国际交流促进会协助下，中国医学科学院阜外 | CRUD_DOC_00055_新华社发(凯乔 摄)新华社万象6月23日电通讯:感谢中国医生给了孩子正常 | CRUD_DOC_00038_新华社发(凯乔 摄)6月中下旬,在中国民间组织国际交流促进会的协助下,此"
internal_rag,questanswer_2docs_010,questanswer_2docs,在德国政府考虑是否向乌克兰提供“金牛座”巡航导弹的过程中，德国财长和总理的立场如何，且政府采取了哪些预防性技术措施？,而德国总理朔尔茨则表示德国政府尚未最终决定是否提供此类武器，并强调在作出决策时需要仔细权衡其效果和影响。 此外，为确保“金牛座”巡航导弹不会被用于攻击俄罗斯领土（不包括克里米亚及其他被占领的乌克兰领土），德国政府正与MBDA合作对这些导弹进行软件修改。,0,0,0,1,0.4677,2810.87,CRUD_DOC_00039_此外，德国财长林德纳还表示，他本人赞成德国政府向乌克兰援助“金牛座”巡航 | CRUD_DOC_00040_德国仍犹豫不绝！德国总理朔尔茨近日在接受德国媒体采访时表示，德国政府尚未
internal_rag,questanswer_3docs_001,questanswer_3docs,在“启明行动”中，国家卫健委推广了哪些核心知识来预防儿童青少年近视，同时医疗机构和家长应承担哪些角色？,在“启明行动”中，国家卫健委推广的核心知识包括： 1. 预防近视从小从早做起。 为了有效实施这些核心知识，医疗机构和家长应承担以下角色： 通过面对面咨询指导，引导儿童家长树立近视防控意识，改变不良生活方式，加强户外活动，养成爱眼护眼健康行为习惯。 家长需要关注孩子的用眼环境和生活习惯，遵循上述核心知识中的建议，并与医疗机构合作，定期进行视力检查和必要的干预措施。,0,0,0,1,0.3411,3560.37,CRUD_DOC_00041_《防控儿童青少年近视核心知识十条》包括：预防近视从小从早做起、每天日间户 | CRUD_DOC_00022_“启明行动”将开展社会宣传和健康教育，充分利用网络、广播电视、报刊杂志、 | CRUD_DOC_00021_我国将开展防控近视“启明行动”北京日报讯（实习记者 柴嵘）国家卫健委昨天 | CRUD_DOC_00011_2023-07-28 10:14:27作者：白剑峰来源：人民日报 ， 为
internal_rag,questanswer_3docs_002,questanswer_3docs,江门市通过哪些渠道和活动为高校毕业生提供就业支持，并且如何吸引港澳青年来发展？,江门市通过多种渠道和活动为高校毕业生提供就业支持，包括招聘会、职业指导沙龙专区、求职应聘真人秀等活动。 此外，还提供了就业创业政策咨询、求职方法、职场解惑、面试技巧、职业生涯规划等服务。 为了吸引港澳青年来发展，江门市采取了以下措施：一是启动2024届高校毕业生招聘活动，并通过“走出去、引进来”的方式吸引港澳毕业生； 二是构建以双创园为核心的“1+7+N”港澳青年青创体系，打造港澳青年就业创业第一站。,0,0,0,1,0.5123,2531.55,"CRUD_DOC_00043_将于本周六在江门五邑华侨广场举行。招聘会上,将有约200家企业进场招聘, | CRUD_DOC_00042_相关负责人表示，下一步，江门市人社局将针对重点企业高校毕业生需求，精准推 | CRUD_DOC_00044_据悉，接下来，江门市还将分批组织重点企业推出优质岗位赴广州、茂名、广西柳"
internal_rag,questanswer_3docs_003,questanswer_3docs,在2023年上半年，武汉、深圳和杭州的GDP增长率分别是多少，以及这些城市在全国GDP排名中的变化情况如何？,在2023年上半年： 深圳市的GDP增长率为6.3%。 杭州市的GDP增长率为6.9%。 武汉继续保持第9的位置，而深圳和杭州则分别位于第4位和第5位，但具体排名是否有所变动未在提供的信息中明确说明。,0,0,0,1,0.4972,2970.97,CRUD_DOC_00013_2023-07-27 20:51:56， 湖北日报讯（记者朱惠）“上半年 | CRUD_DOC_00045_2023-07-28 13:13， 杭州城市风光。视觉中国 资料图7月2 | CRUD_DOC_00025_3个百分点，高于全国1.4个百分点。分产业看，第一产业增加值151亿元， | CRUD_DOC_00917_2023-08-08 17:57， 原标题：27城GDP破万亿年份，北京 | CRUD_DOC_01104_2023-07-25 21:30， 中新网杭州7月25日电(王逸飞)25
internal_rag,questanswer_3docs_004,questanswer_3docs,巴巴多斯总理米娅·莫特利在要求英国赔偿奴隶贸易的演讲中提到的金额是多少，她与哪位英国官员讨论了这个问题，而英国首相对于赔偿和道歉的立场是什么？,巴巴多斯总理米娅·莫特利于其在伦敦政治经济学院的演讲中提到，英国应该向巴巴多斯赔偿4.9万亿美元。 她在演讲前与英国新任外交大臣戴维·卡梅伦会面讨论了这个问题。 而英国首相苏纳克则在今年4月公开表示拒绝进行奴隶贸易有关的道歉或赔偿，他认为英国政府的工作重点应放在解决国内问题上。,0,0,0,1,0.6952,2270.56,"CRUD_DOC_00047_前殖民国家的应赔偿款项。图片来源：《对美洲和加勒比地区跨大西洋奴隶贸易的 | CRUD_DOC_00048_当时，工党议员Bell Ribeiro-Addy询问苏纳克是否会针对奴隶 | CRUD_DOC_00046_而俄罗斯方面，没有对这名女子被逮捕发表评论和回应。 ""15世纪到19世纪"
internal_rag,questanswer_3docs_005,questanswer_3docs,大学生在社会实践活动中是如何结合电商直播和文化传承来推动乡村振兴的？,根据当前检索到的知识库内容，没有找到足够相关的参考资料，因此我暂时无法给出可靠回答。,1,0,0,0,0.046,3244.31,
internal_rag,questanswer_3docs_006,questanswer_3docs,格尔木市通过哪些活动展示了其文化魅力，并因何种特色美食获得了哪个荣誉称号？,格尔木市通过举办首届“瑶池杯”昆仑美食节等系列活动展示了其文化魅力。 此外，青海省餐饮行业协会授予了格尔木“炕锅美食之都”的荣誉称号，这主要是因为格尔木拥有独特的炕锅羊排等美食，这些美食以其传统食材和特色烹调方法赢得了广泛认可。,0,0,0,1,0.4706,2402.47,"CRUD_DOC_00032_被誉为“炕锅美食之都”。当日,青海省餐饮行业协会授予格尔木“炕锅美食之都 | CRUD_DOC_00016_2023-7-31 11:19，  中新网青海格尔木7月30日电(记者  | CRUD_DOC_00031_同时，首届“昆仑之星”全民器乐才艺大赛中，格尔木爱韵艺术学校的选送作品《"
internal_rag,questanswer_3docs_007,questanswer_3docs,在黑海粮食协议中止后，乌克兰计划通过哪些新的路线和港口出口粮食，并且这些新的路线涉及哪些国家的协助？,在黑海粮食协议中止后，乌克兰计划通过多瑙河与亚得里亚海的克罗地亚港口出口粮食。 这一新路线涉及克罗地亚的支持和协助。 具体来说，乌克兰外长库列巴与克罗地亚外长拉德曼会谈后表示，两国同意探讨利用克罗地亚在多瑙河与亚得里亚海的港口来出口乌克兰的粮食。 此外，克罗地亚外交部国务秘书马图希奇也表示，克罗地亚准备帮助寻找乌克兰粮食出口的新路线，该国在亚得里亚海的铁路和港口是可能的替代路线之一。 这些新的出口路线不仅涉及克罗地亚，还涉及到通过多瑙河及欧盟陆路运输。 乌克兰目前依赖经由欧盟的陆路出口路线以及经由多瑙河的替代路线来出口粮食。,0,0,0,1,0.374,3511.04,CRUD_DOC_00053_第二位是奶或花生等成分。下一篇 （观察者网讯）黑海粮食协议中止后，乌克兰 | CRUD_DOC_00534_2023-08-01 08:54， 原标题：乌外长库列巴：与克罗地亚达成 | CRUD_DOC_00034_”。乌克兰外长库列巴7月17日在联合国安理会发表讲话/资料图在黑海运量通 | CRUD_DOC_00033_据路透社7月31日报道，乌克兰外长库列巴当天与克罗地亚外长拉德曼会谈后表 | CRUD_DOC_00423_2023-08-12 11:03， 原标题：乌总统：正在开发粮食出口新线
internal_rag,questanswer_3docs_008,questanswer_3docs,在台风“卡努”和强降雨影响下，国家防总对哪些地区启动了何种级别的应急响应，并且哪些部门联合进行了防汛会商调度？,在台风“卡努”和强降雨的影响下，国家防总针对北京、天津、河北、山西、河南等重点省份启动了防汛二级应急响应。 此外，针对辽宁、山东启动了防汛防台风四级应急响应。 国家防总办公室、应急管理部与中国气象局、水利部等部门进行了防汛专题会商调度，研判雨情、水情、灾情和第6号台风“卡努”的发展趋势，并安排部署重点地区防汛救灾工作。,0,0,0,1,0.4228,2682.21,CRUD_DOC_00035_举报/反馈 据应急管理部网站消息，7月30日上午，国家防总副总指挥、应急 | CRUD_DOC_00036_本轮降水与前期出现暴雨洪涝灾害的地区重叠，要特别防范农田渍涝、中小河流洪 | CRUD_DOC_00861_2023-07-28 13:59，  原标题：部分地区或有严重洪涝灾害  | CRUD_DOC_00553_中共中央总书记、国家主席、中央军委主席习近平对防汛救灾工作作出重要指示。 | CRUD_DOC_00882_针对京津冀、东北等地的洪涝灾情，11日，国家防总、应急管理部等部门再次进
internal_rag,questanswer_3docs_009,questanswer_3docs,在“中国-老挝先天性心脏病联合筛查和治疗”医疗合作项目中，哪些机构联合提供了哪种移动医疗服务，并在老挝的哪些城市进行了儿童先心病筛查？,在中国 老挝先天性心脏病联合筛查和治疗”医疗合作项目中，由中国医学科学院阜外医院、云南省阜外心血管病医院、中华慈善总会和云南省政府新闻办等机构联合提供服务。 他们利用了云南省阜外心血管病医院的移动介入治疗手术车进行先心病儿童的免费筛查与治疗。 此次筛查主要在老挝的孟赛、琅勃拉邦和万象等地进行。,0,0,0,1,0.6273,2243.49,"CRUD_DOC_00037_”今年6月中下旬，在中国民间组织国际交流促进会协助下，中国医学科学院阜外 | CRUD_DOC_00055_新华社发(凯乔 摄)新华社万象6月23日电通讯:感谢中国医生给了孩子正常 | CRUD_DOC_00038_新华社发(凯乔 摄)6月中下旬,在中国民间组织国际交流促进会的协助下,此"
internal_rag,questanswer_3docs_010,questanswer_3docs,恐吓邮件中提到了哪些具体地点和时间，以及警方为保护李在明采取了哪些安全措施？,邮件还提到首尔多处，尤其是地铁内设有炸弹。 警方为保护李在明采取的安全措施包括：,0,0,0,1,0.2394,2878.06,CRUD_DOC_00057_极目新闻综合广州日报、南方日报 （来源：极目新闻） 2023-08-09 | CRUD_DOC_00020_2023-08-09 01:21， 当地时间2023年6月19日，韩国首 | CRUD_DOC_00058_2023-08-09 07:20， 【环球网报道】据韩联社报道，根据韩国 | CRUD_DOC_00056_报道称，首尔警察厅网络侦查队已经确认这一威胁，并发现这封邮件的发件人与之
internal_rag,hallu_modified_001,hallu_modified,"请根据知识库判断并纠正下面这段新闻续写中的错误，只输出纠正后的文本。
新闻开头：新华社银川9月22日电20日至22日，中共中央政治局委员、国家副主席李源潮在宁夏调研时指出，各级党委要认真落实习近平总书记要求，加强和改进党对群团工作的领导，积极有序推动群团改革。
    20日，李源潮来到银川贺兰县调研。
续写：在宁夏群团学院，李源潮与学院教职员工及学员深入交流，了解了学院群团工作的培训教学情况。",在银川贺兰县调研时，李源潮参观了大学生村官联盟创业基地，并与学院教职员工及学员进行了深入交流，了解了学院群团工作的培训教学情况。,0,0,0,1,0.3951,1662.18,CRUD_DOC_00059_新华社银川9月22日电20日至22日，中共中央政治局委员、国家副主席李源
internal_rag,hallu_modified_002,hallu_modified,"请根据知识库判断并纠正下面这段新闻续写中的错误，只输出纠正后的文本。
新闻开头：新华社上海11月21日电（记者潘清）本周伊始，A股温和反弹。21日上证综指重回3200点上方，走势明显强于“中小创”群体。两市成交较前一交易日有所放大，总量超过5900亿元。
续写：沪深两市午后有所回落，上证综指收盘下跌0.04%，收报3200.98点；",沪深两市午后有所回落，上证综指收盘上涨0.79%，收报3218.15点；,0,0,0,1,0.871,1843.91,CRUD_DOC_00060_新华社上海11月21日电（记者潘清）本周伊始，A股温和反弹。21日上证综 | CRUD_DOC_01224_两市成交略有萎缩，但也超过了1.1万亿元。 创业板指数盘中创出2192.
internal_rag,hallu_modified_003,hallu_modified,"请根据知识库判断并纠正下面这段新闻续写中的错误，只输出纠正后的文本。
新闻开头：新华社上海10月11日体育专电（记者郭敬丹 朱翃）11日的上海大师赛迎来巨星登场，赛会头号种子焦科维奇直落两盘得胜收获“开门红”。赛后，卫冕冠军又大秀中文，在镜头上写下的“笑”字和口中说出的“我爱你们”都令现场球迷欢呼声不断。
续写：在当天的比赛中，塞尔维亚球星焦科维奇以6-3、6-4的比分轻松战胜美国球员杰克·索克，晋级第二轮。",在当天的比赛中，塞尔维亚球星焦科维奇以6-3、6-3的比分轻松战胜意大利球员弗格尼尼，晋级16强。,0,0,0,1,0.9333,1809.25,CRUD_DOC_00061_新华社上海10月11日体育专电（记者郭敬丹 朱翃）11日的上海大师赛迎来
internal_rag,hallu_modified_004,hallu_modified,"请根据知识库判断并纠正下面这段新闻续写中的错误，只输出纠正后的文本。
新闻开头：新华社悉尼5月28日电（万思琦）未见冰山上的来客，一座冰山却亲自来了。2010年，一座冰山偶然漂移至南极联邦湾，为澳大利亚南极科考人员研究海冰变化对生态环境的影响提供了绝好机会。
续写：澳大利亚南极局局长斯蒂芬·米勒说，冰山漂移的现象非常罕见，但它是研究地球气候变化的重要线索。",澳大利亚南极科考人员跟踪观察了该冰山周围的生态环境。,0,0,0,1,0.338,1686.09,CRUD_DOC_00062_新华社悉尼5月28日电（万思琦）未见冰山上的来客，一座冰山却亲自来了。2
internal_rag,hallu_modified_005,hallu_modified,"请根据知识库判断并纠正下面这段新闻续写中的错误，只输出纠正后的文本。
新闻开头：新华社香港12月9日电（记者刘宁）在香港注册成立、由内地和香港学者组成的“中国城市竞争力研究会”9日在香港会展中心公布2015年中国城市竞争力排行榜，上海继续保持第一。深圳超越北京，跃居第三位，直逼排名第二的香港。
续写：当日活动由“中国城市竞争力研究会”和香港“策略发展局”联合主办，会上揭晓“中国城市综合竞争力排行榜”和“中国城市成长竞争力排行榜”。",新华社香港12月9日电（记者刘宁）当日活动由中国城市竞争力研究会公布2015年中国城市竞争力排行榜，上海继续保持第一。 会上揭晓“中国城市综合竞争力排行榜”和“中国城市成长竞争力排行榜”。,0,0,0,1,0.6769,1968.34,CRUD_DOC_00063_新华社香港12月9日电（记者刘宁）在香港注册成立、由内地和香港学者组成的
internal_rag,hallu_modified_006,hallu_modified,"请根据知识库判断并纠正下面这段新闻续写中的错误，只输出纠正后的文本。
新闻开头：新华社南宁2月17日专电（记者向志强）每年春运，都有大量铁路工作人员坚守在岗位上。今年春运，南宁铁路局南宁客运段值乘的动车上多了两对特殊组合：一对“动哥兄弟”和一对“动姐双胞胎”。
续写：这对“动哥兄弟”分别是来自湖南的肖健和来自四川的肖鹏，他们是一对双胞胎，今年除夕将在动车上度过。",这对“动哥兄弟”分别是来自河南开封的董照华和董照杰，他们不是双胞胎，而是相差两岁的亲兄弟。,0,0,0,1,0.7089,1911.53,CRUD_DOC_00064_新华社南宁2月17日专电（记者向志强）每年春运，都有大量铁路工作人员坚守
internal_rag,hallu_modified_007,hallu_modified,"请根据知识库判断并纠正下面这段新闻续写中的错误，只输出纠正后的文本。
新闻开头：新华社上海4月2日电（许晓青 周文其）上海2日公布的一项抽样调查结果显示，相恋1年及1年不到就结婚的“闪婚”族群在上海正逐步增多。民政部门的专家分析认为，上海青年“闪婚”已不再是“小众”现象。
续写：据调查数据显示，近年来，上海青年的“闪婚”比例已超过20%，这一现象引起了社会广泛关注。",据调查结果显示，相恋1年及1年以内就结婚的“闪婚”族群在上海正逐步增多。,0,0,0,1,0.2817,1800.99,CRUD_DOC_00065_新华社上海4月2日电（许晓青 周文其）上海2日公布的一项抽样调查结果显示
internal_rag,hallu_modified_008,hallu_modified,"请根据知识库判断并纠正下面这段新闻续写中的错误，只输出纠正后的文本。
新闻开头：新华社华盛顿6月11日电（记者李博闻）金州勇士队11日在客场以103：82击败克里夫兰骑士队，将美职篮总决赛系列赛总比分扳成2：2。
  库里状态回勇，伊戈达拉成为当晚X因素，两人各得到全队最高的22分。
续写：勇士队的核心史蒂夫·库里本场比赛状态回勇，全场比赛23投10中，其中三分球10投3中，得到了29分。",续写：勇士队的核心斯蒂芬·库里本场比赛状态回勇，全场比赛21投10中，其中三分球9投3中，得到了22分。,0,0,0,1,0.6154,1861.06,CRUD_DOC_00066_新华社华盛顿6月11日电（记者李博闻）金州勇士队11日在客场以103：8
internal_rag,hallu_modified_009,hallu_modified,"请根据知识库判断并纠正下面这段新闻续写中的错误，只输出纠正后的文本。
新闻开头：新华社长沙8月28日电（记者谭畅）2016赛季中甲联赛第24轮的比赛28日结束，天津权健客场2：3负于上海申鑫，积分榜首不保。贵州恒丰智诚和青岛黄海分别战胜各自对手，同积47分领跑。
续写：作为上赛季第四名，权健本赛季前23轮比赛拿到36分，仅丢6球，高居积分榜首位。",作为上赛季第四名，天津权健本赛季前23轮比赛拿到44分，仅丢10球，高居积分榜首位。,0,0,0,1,0.7027,1753.75,CRUD_DOC_00067_新华社长沙8月28日电（记者谭畅）2016赛季中甲联赛第24轮的比赛28
internal_rag,hallu_modified_010,hallu_modified,"请根据知识库判断并纠正下面这段新闻续写中的错误，只输出纠正后的文本。
新闻开头：新华社里斯本8月6日电（报道员陈柏乔）葡超豪门波尔图队5日官方宣布了意大利前锋奥斯瓦尔多和法国左后卫西索科的加盟。奥斯瓦尔多在和英超南安普顿队合同到期后自由加盟波尔图，签约1年并拥有两年的续约选项，新赛季将身披10号战袍。
续写：西索科则是从法甲特鲁瓦队转会而来，双方签约3年。",西索科则从英超阿斯顿维拉队以租借一年的形式重返“蓝白军团”，球衣依然为28号。,0,0,0,1,0.4828,1903.84,CRUD_DOC_00068_新华社里斯本8月6日电（报道员陈柏乔）葡超豪门波尔图队5日官方宣布了意大
internal_rag,negative_rejection_001,negative_rejection,关于“2023年7月20日，应急管理部、财政部联合下发《因灾倒塌、损坏住房恢复重建救助工作规范》的通知，规范倒损住房恢复重建救助相关工作。”，文中负责人的电子邮箱地址是什么？如果资料没有提供，请直接说明无法确定。,根据当前检索到的知识库内容，没有找到足够相关的参考资料，因此我暂时无法给出可靠回答。,1,1,0,0,0.0,2516.21,
internal_rag,negative_rejection_002,negative_rejection,关于“2023年8月16日，湖北省35个县市出现35℃以上高温，并预计未来三天高温将持续，局部地区可能有阵雨或雷阵雨，咸宁及其他强降水区域可能发生地质灾害。”，文中负责人的电子邮箱地址是什么？如果资料没有提供，请直接说明无法确定。,根据当前检索到的知识库内容，没有找到足够相关的参考资料，因此我暂时无法给出可靠回答。,1,1,0,0,0.0,2011.16,
internal_rag,negative_rejection_003,negative_rejection,关于“2021年8月7日至11日，山西省团校阳泉学院举办了团山西省委书记张钧主持的学习贯彻习近平总书记在同团中央新一届领导班子成员集体谈话时的重要讲话精神和团十九大部署暨提升基层改革攻坚能力专题培训班。”，文中负责人的电子邮箱地址是什么？如果资料没有提供，请直接说明无法确定。,根据当前检索到的知识库内容，没有找到足够相关的参考资料，因此我暂时无法给出可靠回答。,1,1,0,0,0.0,2476.55,
internal_rag,negative_rejection_004,negative_rejection,关于“2023年9月7日至9月9日，外滩大会组委会将在上海世博园举办全球级金融科技大会“2023 inclusion·外滩大会”。”，文中负责人的电子邮箱地址是什么？如果资料没有提供，请直接说明无法确定。,根据当前检索到的知识库内容，没有找到足够相关的参考资料，因此我暂时无法给出可靠回答。,1,1,0,0,0.0,2578.71,
internal_rag,negative_rejection_005,negative_rejection,关于“2023年7月27日，武汉市统计局和国家统计局武汉调查队发布了2023年上半年武汉市经济运行情况，全市GDP9503.33亿元，比上年同期增长5.0%。”，文中负责人的电子邮箱地址是什么？如果资料没有提供，请直接说明无法确定。,根据当前检索到的知识库内容，我无法确定。,1,1,0,0,0.0,2065.87,"CRUD_DOC_00013_2023-07-27 20:51:56， 湖北日报讯（记者朱惠）“上半年 | CRUD_DOC_00045_2023-07-28 13:13， 杭州城市风光。视觉中国 资料图7月2 | CRUD_DOC_00025_3个百分点，高于全国1.4个百分点。分产业看，第一产业增加值151亿元， | CRUD_DOC_00026_6%。分产业看,第一产业增加值1766.62亿元,增长4.1%;第二产业 | CRUD_DOC_00950_2023-08-07 19:53， 原标题：股票行情快报：大有能源（60"
internal_rag,negative_rejection_006,negative_rejection,关于“2023年7月29日，首届“瑶池杯”昆仑美食节在青海省格尔木市启动，期间包括厨王争霸赛、特色美食人气榜评选、非遗文化展演等活动。”，文中负责人的电子邮箱地址是什么？如果资料没有提供，请直接说明无法确定。,根据当前检索到的知识库内容，我无法确定。,1,1,0,0,0.0,1865.16,"CRUD_DOC_00016_2023-7-31 11:19，  中新网青海格尔木7月30日电(记者  | CRUD_DOC_00032_被誉为“炕锅美食之都”。当日,青海省餐饮行业协会授予格尔木“炕锅美食之都 | CRUD_DOC_00031_同时，首届“昆仑之星”全民器乐才艺大赛中，格尔木爱韵艺术学校的选送作品《 | CRUD_DOC_00226_中新网西宁7月12日电 (李隽)12日,记者从国家税务总局青海省税务局获"
internal_rag,negative_rejection_007,negative_rejection,关于“2023年8月1日，中车大连机车车辆有限公司为中老铁路设计制造的2台HXN3型大功率内燃机车抵达老挝磨丁，将在中老铁路磨丁-万象段承担牵引工作。”，文中负责人的电子邮箱地址是什么？如果资料没有提供，请直接说明无法确定。,根据当前检索到的知识库内容，没有找到足够相关的参考资料，因此我暂时无法给出可靠回答。,1,1,0,0,0.0,1927.05,
internal_rag,negative_rejection_008,negative_rejection,关于“2023年8月3日，广州市社会科学院在广州国际交流合作中心举行了推动高水平对外开放服务高质量发展研讨会暨《广州城市国际化发展报告（2023）》发布会。”，文中负责人的电子邮箱地址是什么？如果资料没有提供，请直接说明无法确定。,根据当前检索到的知识库内容，我无法确定。,1,1,0,0,0.0,1747.44,"CRUD_DOC_00012_2023-08-03 20:43， 南方网讯 （记者/杨智明 通讯员/穗 | CRUD_DOC_00024_自2014年启动以来，已累计募集岗位超18万个，帮助11万余名大学生走上 | CRUD_DOC_00023_总结了2022年广州城市国际化发展现状,通过分析广州在权威全球城市评价排 | CRUD_DOC_00492_2023-08-08 18:30， 原标题：第七届广州老博会8月25日开"
internal_rag,negative_rejection_009,negative_rejection,关于“2023年7月29日，首届“瑶池杯”昆仑美食节在青海省格尔木市启动，期间包括厨王争霸赛、特色美食人气榜评选、非遗文化展演等活动。”，文中负责人的电子邮箱地址是什么？如果资料没有提供，请直接说明无法确定。,根据当前检索到的知识库内容，我无法确定。,1,1,0,0,0.0,5.02,"CRUD_DOC_00016_2023-7-31 11:19，  中新网青海格尔木7月30日电(记者  | CRUD_DOC_00032_被誉为“炕锅美食之都”。当日,青海省餐饮行业协会授予格尔木“炕锅美食之都 | CRUD_DOC_00031_同时，首届“昆仑之星”全民器乐才艺大赛中，格尔木爱韵艺术学校的选送作品《 | CRUD_DOC_00226_中新网西宁7月12日电 (李隽)12日,记者从国家税务总局青海省税务局获"
internal_rag,negative_rejection_010,negative_rejection,关于“2018年，柬中两国在柬埔寨开启医疗合作项目，共同救治柬埔寨先心病患儿，至2023年8月2日，已成功筛查儿童5万余人，为86名先心病患儿免费治疗。”，文中负责人的电子邮箱地址是什么？如果资料没有提供，请直接说明无法确定。,根据当前检索到的知识库内容，没有找到足够相关的参考资料，因此我暂时无法给出可靠回答。,1,1,0,0,0.0,3107.67,
internal_rag,negative_rejection_011,negative_rejection,关于“2023年7月15日下午，广东省人力资源和社会保障厅、广东省工商业联合会、江门市人力资源和社会保障局联合主办的“筑梦青春·就业启航”招聘活动在江门举行，旨在帮助高校毕业生顺利就业。”，文中负责人的电子邮箱地址是什么？如果资料没有提供，请直接说明无法确定。,根据当前检索到的知识库内容，没有找到足够相关的参考资料，因此我暂时无法给出可靠回答。,1,1,0,0,0.0,3060.12,
internal_rag,negative_rejection_012,negative_rejection,关于“2021年7月22日至28日，德州学院经济管理学院实践团赴山东省威海市郐家村开展以“电商助农”为主题的大学生暑期“三下乡”社会实践活动，通过网络电商直播帮助村民销售编织簸箕。”，文中负责人的电子邮箱地址是什么？如果资料没有提供，请直接说明无法确定。,根据当前检索到的知识库内容，没有找到足够相关的参考资料，因此我暂时无法给出可靠回答。,1,1,0,0,0.0,3243.43,
internal_rag,negative_rejection_013,negative_rejection,关于“2023年8月9日，应急管理部部长王祥喜部署安排国家防总办公室、应急管理部等与中国气象局、水利部、自然资源部联合调度会商，研判雨情、汛情、地质灾害和6号台风“卡努”发展趋势，并安排部署重点地区防汛救灾工作。”，文中负责人的电子邮箱地址是什么？如果资料没有提供，请直接说明无法确定。,根据当前检索到的知识库内容，我无法确定。,1,1,0,0,0.0,2071.36,CRUD_DOC_00035_举报/反馈 据应急管理部网站消息，7月30日上午，国家防总副总指挥、应急 | CRUD_DOC_00036_本轮降水与前期出现暴雨洪涝灾害的地区重叠，要特别防范农田渍涝、中小河流洪 | CRUD_DOC_00054_国家防总于29日12时将针对京津冀晋鲁豫6省份的防汛应急响应提升至三级， | CRUD_DOC_00553_中共中央总书记、国家主席、中央军委主席习近平对防汛救灾工作作出重要指示。 | CRUD_DOC_00861_2023-07-28 13:59，  原标题：部分地区或有严重洪涝灾害 
internal_rag,negative_rejection_014,negative_rejection,关于“新华社银川9月22日电20日至22日，中共中央政治局委员、国家副主席李源潮在宁夏调研时指出，各级党委要认真落实习近平总书记要求，加强和改进党对群团工作的领导，积”，文中负责人的电子邮箱地址是什么？如果资料没有提供，请直接说明无法确定。,根据当前检索到的知识库内容，没有找到足够相关的参考资料，因此我暂时无法给出可靠回答。,1,1,0,0,0.0,1859.08,
internal_rag,negative_rejection_015,negative_rejection,关于“新华社悉尼5月28日电（万思琦）未见冰山上的来客，一座冰山却亲自来了。2010年，一座冰山偶然漂移至南极联邦湾，为澳大利亚南极科考人员研究海冰变化对生态环境的影”，文中负责人的电子邮箱地址是什么？如果资料没有提供，请直接说明无法确定。,根据当前检索到的知识库内容，没有找到足够相关的参考资料，因此我暂时无法给出可靠回答。,1,1,0,0,0.0,1874.26,
internal_rag,negative_rejection_016,negative_rejection,关于“新华社上海4月2日电（许晓青 周文其）上海2日公布的一项抽样调查结果显示，相恋1年及1年不到就结婚的“闪婚”族群在上海正逐步增多。民政部门的专家分析认为，上海青”，文中负责人的电子邮箱地址是什么？如果资料没有提供，请直接说明无法确定。,根据当前检索到的知识库内容，没有找到足够相关的参考资料，因此我暂时无法给出可靠回答。,1,1,0,0,0.0,2661.23,
llamaindex,event_summary_001,event_summary,请根据知识库概括这件事的核心内容：2023年7月20日，应急管理部、财政部联合下发《因灾倒塌、损坏住房恢复重建救助工作规范》的通知，规范倒损住房恢复重建救助相关工作。,2023年7月20日，应急管理部与财政部共同发布了关于印发《因灾倒塌、损坏住房恢复重建救助工作规范》的通知，旨在进一步规范因自然灾害导致的住房倒塌或损坏后的恢复重建救助工作。该通知明确了地方政府在倒损住房恢复重建中的责任，并规定了中央和地方财政的资金支持机制。此外，《规范》还详细说明了救助对象的认定程序以及补助资金的管理方式，强调信息公开和社会监督的重要性。,0,0,0,1,0.4966,2685.84,CRUD_DOC_00001_2023-07-20 10:02， 本报讯 近日，应急管理部、财政部联合 | CRUD_DOC_00741_2023-07-20 18:27， 建业地产 视觉中国 资料图7月20日 | CRUD_DOC_00079_2023-07-26， 中国发展网讯 7月26日从宜春市有关新闻发布会上
llamaindex,event_summary_002,event_summary,请根据知识库概括这件事的核心内容：2022年7月21日至23日，日本岸田内阁的支持率在读卖新闻社的民调中下降6个百分点至35%，创就职以来的新低，不支持率上升至52%。,2022年7月21日至23日，根据读卖新闻社进行的一项民意调查，日本岸田内阁的支持率降至35%，这是自其上任以来的最低值，相比之前下降了6个百分点。同时，不支持率上升至52%。,0,0,0,1,0.2131,2646.26,"CRUD_DOC_00002_07/25 07:11， 据日本《读卖新闻》7月24日报道，读卖新闻社7 | CRUD_DOC_00345_据新华社，日本东芝公司8月7日宣布，以日本国内基金“日本产业合作伙伴”( | CRUD_DOC_00026_6%。分产业看,第一产业增加值1766.62亿元,增长4.1%;第二产业"
llamaindex,event_summary_003,event_summary,请根据知识库概括这件事的核心内容：2023年8月15日，天津市静海区台头镇清北地区北围埝上的应急抢险队在大清河洪水红色预警生效中进行堤坝风险排查和人民生命财产安全保障。,2023年8月15日，在天津市静海区台头镇清北地区的北围埝上，应急抢险队在大清河洪水红色预警持续生效的情况下，顶着烈日巡护、排查堤坝风险，确保洪水顺利下泄和人民群众生命财产安全。,0,0,0,1,0.5981,2531.31,CRUD_DOC_00003_2023-08-15 19:12:54， 8月15日，应急抢险队在天津市 | CRUD_DOC_00003_2023-08-15 19:12:54， 8月15日，应急抢险队在天津市 | CRUD_DOC_00315_2023-08-07 08:02， 记者昨日从天津市水务局获悉，8月6日
llamaindex,event_summary_004,event_summary,请根据知识库概括这件事的核心内容：2023年8月16日，湖北省35个县市出现35℃以上高温，并预计未来三天高温将持续，局部地区可能有阵雨或雷阵雨，咸宁及其他强降水区域可能发生地质灾害。,2023年8月16日至18日，湖北省大部分地区将维持晴到多云的天气，最高气温可达34～38℃，局部超过39℃。预计未来三天高温将持续，部分地区可能出现阵雨或雷阵雨。特别需要注意的是，咸宁及其周边强降水区域发生崩塌、滑坡和泥石流的风险较大。建议公众尽量避免中午时段外出，并做好防暑降温措施。同时，鄂东等地需警惕局地短时强对流天气可能引发的次生灾害。,0,0,0,1,0.5559,2987.95,CRUD_DOC_00004_2023-08-16 14:26:26， 截至昨天（15日）下午3点全省 | CRUD_DOC_00300_2023-08-17 17:07:50， 近日，上海连日高温。在建筑工地 | CRUD_DOC_00300_2023-08-17 17:07:50， 近日，上海连日高温。在建筑工地
llamaindex,event_summary_005,event_summary,请根据知识库概括这件事的核心内容：2023年8月15日，湖北十堰市公安局南水北调水源区生态环境警察支队在十堰市生态环境保护综合执法支队办公楼正式挂牌。,2023年8月15日，为有效充实和壮大环保执法力量与队伍、提高环保执法力度，在全国生态日之际，湖北省十堰市公安局成立了南水北调水源区生态环境警察支队。该支队作为市公安局内设的正科级机构，主要负责侦办土壤污染、破坏饮水水源等生态环境领域的犯罪案件，并协助开展相关行政执法工作。其成立旨在促进行政执法与刑事司法的有效衔接，强化生态保护法制层面的落实，实现信息共享和定期沟通协调机制，以打击生态环境违法犯罪行为并推动十堰市生态环境保护工作的进展。,0,0,0,1,0.3221,3200.58,CRUD_DOC_00005_2023-08-16 21:10:02， 极目新闻记者 胡迪凯通讯员 叶 | CRUD_DOC_00794_12月11日，重庆日报记者从在永川举行的“推动成渝地区双城经济圈建设生态 | CRUD_DOC_00429_2023-08-01 08:22， 一觉醒来，台风“卡努”转向更明显了！
llamaindex,event_summary_006,event_summary,请根据知识库概括这件事的核心内容：2023年8月16日，韩国总统尹锡悦在光复节78周年纪念仪式上的演讲中，提出韩日两国为世界和平与繁荣作出贡献的观点，引发韩国国内的不满。,2023年8月16日，韩国总统尹锡悦在光复节78周年纪念仪式上发表讲话，强调了韩日合作的重要性，并认为两国作为安全和经济伙伴可以共同为世界和平与繁荣做出贡献。然而，这一言论在日本提及历史问题时的回避态度引发了韩国国内的不满，特别是在野党对尹锡悦政府与日本进行“无差别军事合作”的质疑。此外，尹锡悦的讲话内容也受到了日本媒体的关注，并被解读为其与历届总统在处理韩日关系和历史问题上的不同之处。,0,0,0,1,0.3395,2999.88,CRUD_DOC_00006_08/16 13:51， 【环球网报道 见习记者 姜蔼玲】韩国总统尹锡悦 | CRUD_DOC_00871_00:14日本《朝日新闻》16日报道称韩国政府和执政党向日方表示，既然福 | CRUD_DOC_00896_2023/08/16 ， 参考消息网8月16日报道 据香港《南华早报》网
llamaindex,event_summary_007,event_summary,请根据知识库概括这件事的核心内容：2021年8月7日至11日，山西省团校阳泉学院举办了团山西省委书记张钧主持的学习贯彻习近平总书记在同团中央新一届领导班子成员集体谈话时的重要讲话精神和团十九大部署暨提升基层改革攻坚能力专题培训班。,2021年8月7日至11日，山西省团校阳泉学院举办了主题为学习贯彻习近平总书记重要讲话精神及团十九大部署的培训班。此次培训聚焦深化学习习近平新时代中国特色社会主义思想，围绕青年工作的重要思想和考察调研山西重要讲话指示精神等内容进行集中学习和交流研讨。张钧在主题报告中深入解读了相关讲话精神，并结合“八个清晰指明”和“六个必须始终”的实践要求，提出全省共青团应将学习宣传贯彻作为重大政治任务，紧密结合实际，提高运用党的创新理论指导青年工作的能力。培训还设置了多种形式的环节，帮助参训人员更好地理解和落实中央及省委、团中央的工作部署。,0,0,0,1,0.4839,3127.88,"CRUD_DOC_00007_， 本报讯（中青报·中青网记者 胡志中）8月7日至11日，山西共青团学习 | CRUD_DOC_00810_为促使新员工系统学习了解中国建材集团,提升岗位履职能力,增强归属感,为打 | CRUD_DOC_00050_面对当地电商人才匮乏的困境，团队认为培养当地村民的“新农人”意识至关重要"
llamaindex,event_summary_008,event_summary,请根据知识库概括这件事的核心内容：2023年7月27日，中国常驻联合国代表张军在联合国表示，希望安理会能够就完全解除对中非共和国的武器禁运采取进一步行动。,2023年7月27日，中国常驻联合国代表张军在联合国表示，鉴于中非共和国的安全形势已有所改善，希望安理会能够进一步考虑完全解除对该国的武器禁运。尽管安理会通过了延长武器禁运一年的决议，并决定不再将该禁运措施适用于中非安全部队，但这一决定未能完全满足中非及部分区域国家的要求。中国在表决时投下了弃权票，认为这有助于中非加强安全能力建设并维护地区稳定，但仍需继续关注中非政府的需求和关切。,0,0,0,1,0.3497,3096.79,CRUD_DOC_00008_新华社联合国7月27日电 中国常驻联合国代表张军27日说，武器禁运已不适 | CRUD_DOC_01035_新华社联合国12月21日电 中国常驻联合国代表马朝旭21日在对安理会也门 | CRUD_DOC_00034_”。乌克兰外长库列巴7月17日在联合国安理会发表讲话/资料图在黑海运量通
llamaindex,event_summary_009,event_summary,请根据知识库概括这件事的核心内容：2023年7月21日，也门塔伊兹省，联合国世界粮食计划署的约旦籍工作人员穆阿耶德·哈梅迪在餐厅用餐时，遭不明身份枪手袭击，身中数枪后不治身亡。,2023年7月21日，在也门塔伊兹省，联合国世界粮食计划署的一名约旦籍工作人员穆阿耶德·哈梅迪在餐厅用餐时遭到不明身份枪手袭击，不幸遇害。该事件发生在也门政府与胡塞武装争夺的关键地区之一，哈梅迪的死亡引起了国际社会的关注和哀悼。也门总统领导委员会主席阿里米对他的遇难表示哀悼，并要求尽快追捕凶手。世界粮食计划署也在其官网上确认了这一消息，并强调了哈梅迪为该组织服务多年的重要贡献。,0,0,0,1,0.3687,3151.6,CRUD_DOC_00009_新华社开罗7月21日电（记者王尚）亚丁消息：也门政府21日说，一名联合国 | CRUD_DOC_01035_新华社联合国12月21日电 中国常驻联合国代表马朝旭21日在对安理会也门 | CRUD_DOC_01001_7-18 05:12， 中新社联合国7月17日电 (记者 王帆)联合国秘
llamaindex,event_summary_010,event_summary,请根据知识库概括这件事的核心内容：2023年9月7日至9月9日，外滩大会组委会将在上海世博园举办全球级金融科技大会“2023 inclusion·外滩大会”。,2023年9月7日至9月9日，外滩大会组委会将在上海世博园举办以“科技·创造可持续未来”为主题的全球级金融科技大会“2023 inclusion·外滩大会”。大会将涵盖1场主论坛、36场见解论坛、8000平方米的科技展以及3000平方米的绿色集市，旨在通过听、逛、玩的方式让观众全方位体验前沿科技。同时，大会还将围绕人机智能、大模型等前沿科技展开深度探讨交流，并关注技术发展如何帮助社会更好地适应数字革命带来的挑战。,0,0,0,1,0.3454,3100.8,"CRUD_DOC_00010_记者：孙奇茹， 8月8日，外滩大会组委会宣布，全球级金融科技大会“202 | CRUD_DOC_00119_2023-08-09 20:37， 大剧场秀《叁壹秀－夢啟》、100周年 | CRUD_DOC_00687_""2023 年 7 月 27 日,中国国际数字娱乐产业大会 ( CDEC"
llamaindex,questanswer_1doc_001,questanswer_1doc,"国家卫生健康委员会于2023年7月28日启动了名为""启明行动""的专项活动，旨在针对特定群体的特定健康问题进行防控。请问这项活动具体针对哪个群体的健康问题？同时，请提供该活动所依据的指导性文件的名称。","国家卫生健康委员会于2023年7月28日启动了名为""启明行动""的专项活动，旨在防控儿童青少年近视。这项活动依据的指导性文件名称为《防控儿童青少年近视核心知识十条》。",0,0,0,1,0.4956,2279.89,CRUD_DOC_00022_“启明行动”将开展社会宣传和健康教育，充分利用网络、广播电视、报刊杂志、 | CRUD_DOC_00011_2023-07-28 10:14:27作者：白剑峰来源：人民日报 ， 为 | CRUD_DOC_00041_《防控儿童青少年近视核心知识十条》包括：预防近视从小从早做起、每天日间户
llamaindex,questanswer_1doc_002,questanswer_1doc,2023年8月3日在广州国际交流合作中心举行的研讨会暨发布会是由哪个机构举办的，同时发布的《广州城市国际化发展报告（2023）》指出自2018年以来广州在哪些新兴产业领域的产业比重中提升？,2023年8月3日在广州国际交流合作中心举行的研讨会暨发布会是由广州市社会科学院举办的。《广州城市国际化发展报告（2023）》指出，自2018年以来，广州在生物医药与健康、智能与新能源汽车、智能装备与机器人等新兴产业领域的产业比重中有所提升。,0,0,0,1,0.8544,2520.64,"CRUD_DOC_00012_2023-08-03 20:43， 南方网讯 （记者/杨智明 通讯员/穗 | CRUD_DOC_00024_自2014年启动以来，已累计募集岗位超18万个，帮助11万余名大学生走上 | CRUD_DOC_00023_总结了2022年广州城市国际化发展现状,通过分析广州在权威全球城市评价排"
llamaindex,questanswer_1doc_003,questanswer_1doc,2023年上半年，武汉市的GDP增长率是多少，并且这个增长率在全国副省级及以上城市中排名第几？,2023年上半年，武汉市的GDP增长率为5.0%，这一增速在全国副省级及以上城市中位列第7。,0,0,0,1,0.875,2265.65,CRUD_DOC_00013_2023-07-27 20:51:56， 湖北日报讯（记者朱惠）“上半年 | CRUD_DOC_00013_2023-07-27 20:51:56， 湖北日报讯（记者朱惠）“上半年 | CRUD_DOC_01104_2023-07-25 21:30， 中新网杭州7月25日电(王逸飞)25
llamaindex,questanswer_1doc_004,questanswer_1doc,在巴巴多斯首都布里奇敦举行的会议中，哪些组织共同呼吁前殖民国家为历史罪行作出赔偿？,根据提供的信息，没有提到在巴巴多斯首都布里奇敦举行的会议上，哪些具体组织共同呼吁前殖民国家为历史罪行作出赔偿。文档主要讨论了巴巴多斯总理莫特利关于奴隶贸易赔偿的要求以及相关背景，并未提及此类会议的具体情况。,1,0,0,0,0.2857,2209.24,"CRUD_DOC_00046_而俄罗斯方面，没有对这名女子被逮捕发表评论和回应。 ""15世纪到19世纪 | CRUD_DOC_00047_前殖民国家的应赔偿款项。图片来源：《对美洲和加勒比地区跨大西洋奴隶贸易的 | CRUD_DOC_00048_当时，工党议员Bell Ribeiro-Addy询问苏纳克是否会针对奴隶"
llamaindex,questanswer_1doc_005,questanswer_1doc,广东职业技术学院的“柚”提兴农团队采用了哪种方法从废果弃果中成功提取高价值精油？,根据提供的信息，没有提到广东职业技术学院的“柚”提兴农团队的相关内容。因此无法回答关于该团队采用何种方法从废果弃果中提取高价值精油的问题。所提供的文档主要涉及广西水果产业、湖南益阳市安化县兴果村的中医药资源利用以及广东省文化和旅游厅推荐的文化艺术项目，与问题中的团队和方法无关。,1,0,0,0,0.2316,2555.55,CRUD_DOC_00029_在鸣鸣果园数字化分选中心，这个果季将有约4000万斤沃柑从这里走出去。从 | CRUD_DOC_00030_本文链接:https://ldhn.rednet.cn/content/ | CRUD_DOC_00538_广东省文化和旅游厅近日推荐12个项目申报2021—2023年度“中国民间
llamaindex,questanswer_1doc_006,questanswer_1doc,首届“瑶池杯”昆仑美食节在青海省格尔木市举办的日期是什么时候？,首届“瑶池杯”昆仑美食节于2023年7月29日晚间在青海省格尔木市启动。,0,0,0,1,0.597,2121.67,"CRUD_DOC_00016_2023-7-31 11:19，  中新网青海格尔木7月30日电(记者 | CRUD_DOC_00032_被誉为“炕锅美食之都”。当日,青海省餐饮行业协会授予格尔木“炕锅美食之都 | CRUD_DOC_00031_同时，首届“昆仑之星”全民器乐才艺大赛中，格尔木爱韵艺术学校的选送作品《"
llamaindex,questanswer_1doc_007,questanswer_1doc,乌克兰外交部长德米特罗·库列巴与克罗地亚外交和欧洲事务部长格尔利奇·拉德曼在2023年7月31日的会谈中达成了哪项关于乌克兰谷物出口的协议？,在2023年7月31日的会谈中，乌克兰外交部长德米特罗·库列巴与克罗地亚外交和欧洲事务部长格尔利奇·拉德曼达成了一致，探讨利用克罗地亚位于多瑙河与亚得里亚海的港口出口乌克兰粮食。双方计划努力建立通往这些港口的最高效路线，并认为这将是对世界粮食安全的真正、有效的贡献。,0,0,0,1,0.6049,2897.08,CRUD_DOC_00017_2023-08-01 15:47， 当地时间2023年7月18日，乌克兰 | CRUD_DOC_00534_2023-08-01 08:54， 原标题：乌外长库列巴：与克罗地亚达成 | CRUD_DOC_00033_据路透社7月31日报道，乌克兰外长库列巴当天与克罗地亚外长拉德曼会谈后表
llamaindex,questanswer_1doc_008,questanswer_1doc,安徽安庆高新区在2023年对多少个项目完成了安全条件审查和安全设施设计审查，并且有多少个项目完成了试生产把关？,安徽安庆高新区在2023年以来，先后指导27个项目完成了安全条件审查、安全设施设计审查，17个项目完成了试生产把关。,0,0,0,1,0.8889,2117.15,"CRUD_DOC_00018_2023-08-10 15:18， 本网讯 近来，安徽安庆高新区始终坚持 | CRUD_DOC_00018_2023-08-10 15:18， 本网讯 近来，安徽安庆高新区始终坚持 | CRUD_DOC_01000_央视网消息:近日,应急管理部启动危化品重大危险源企业2023年第一次部级"
llamaindex,questanswer_1doc_009,questanswer_1doc,中车大连机车车辆有限公司为中老铁路设计制造的HXN3型大功率内燃机车具备哪些特点？,中车大连机车车辆有限公司为中老铁路设计制造的HXN3型大功率内燃机车具有以下特点：牵引力大、排放低、可靠性好、安全性高、操作便利以及成本低。,0,0,0,1,0.6964,2263.71,CRUD_DOC_00019_7月21日在老挝磨丁拍摄的中车大连机车车辆有限公司设计制造的HXN3型大 | CRUD_DOC_01121_根据证券公司分类监管规定，经证券公司自评、证监局初审、中国证监会证券基金 | CRUD_DOC_00291_， 中新网哈尔滨8月10日电(周晓舟)中国铁路哈尔滨局集团有限公司10日
llamaindex,questanswer_1doc_010,questanswer_1doc,韩国警方和国会事务处收到的威胁邮件中，发件人要求在什么时间之前杀掉共同民主党党首李在明，否则将采取什么行动？,韩国警方和国会事务处收到的威胁邮件中，发件人要求在8月9日15时34分以前杀掉共同民主党党首李在明，否则将引爆放置在首尔市某图书馆内的炸弹。,0,0,0,1,0.6486,2356.45,CRUD_DOC_00058_2023-08-09 07:20， 【环球网报道】据韩联社报道，根据韩国 | CRUD_DOC_00020_2023-08-09 01:21， 当地时间2023年6月19日，韩国首 | CRUD_DOC_00386_2023-08-02 09:55， 新华社北京8月1日电 尼日尔政变军人
llamaindex,questanswer_2docs_001,questanswer_2docs,在“启明行动”中，国家卫健委推广的《防控儿童青少年近视核心知识十条》包含哪些内容，且医疗机构应如何配合该行动向家长提供指导？,"在“启明行动”中，国家卫健委推广的《防控儿童青少年近视核心知识十条》包括以下内容：
1. 预防近视从小从早做起。
2. 每天日间户外活动不少于2小时。
3. 养成良好用眼习惯。
4. 分龄管控视屏时间。
5. 每天坚持做眼保健操。
6. 均衡营养充足睡眠。
7. 遵医散瞳诊断近视。
8. 确诊近视及时干预。
9. 重视高度近视及相关并发症。
10. 多方合力共筑“防护墙”。

医疗机构应配合该行动，以儿童家长和养育人为重点，结合眼保健和眼科临床服务，开展个性化咨询指导。针对儿童常见眼病和近视防控等重点问题，通过面对面咨询指导，引导儿童家长树立近视防控意识，改变不良生活方式，加强户外活动，养成爱眼护眼健康行为习惯。",0,0,0,1,0.5651,3808.55,CRUD_DOC_00041_《防控儿童青少年近视核心知识十条》包括：预防近视从小从早做起、每天日间户 | CRUD_DOC_00011_2023-07-28 10:14:27作者：白剑峰来源：人民日报 ， 为 | CRUD_DOC_00021_我国将开展防控近视“启明行动”北京日报讯（实习记者 柴嵘）国家卫健委昨天
llamaindex,questanswer_2docs_002,questanswer_2docs,广州在全球城市评价排名中的提升主要体现在哪些方面，以及《蓝皮书》的发布机构是什么？,广州在全球城市评价排名中的提升主要体现在商业活动和文化体验维度的进步。此外，在科尔尼全球城市系列指数中，广州的排名保持稳步提升态势；而在全球金融中心指数和全球创新指数创新集群中的排名则保持稳定。《蓝皮书》是由广州市社会科学院与社会科学文献出版社联合发布的。,0,0,0,1,0.8421,2479.95,"CRUD_DOC_00024_自2014年启动以来，已累计募集岗位超18万个，帮助11万余名大学生走上 | CRUD_DOC_00023_总结了2022年广州城市国际化发展现状,通过分析广州在权威全球城市评价排 | CRUD_DOC_00012_2023-08-03 20:43， 南方网讯 （记者/杨智明 通讯员/穗"
llamaindex,questanswer_2docs_003,questanswer_2docs,武汉市在湖北省上半年GDP增速中的表现如何，与全省增速相比呢？,根据提供的信息，武汉市在湖北省上半年GDP增速中保持了稳定的表现。湖北省2023年上半年的GDP同比增长5.6%，而武汉的增速为5.0%。虽然武汉的增速略低于全省平均水平（5.5%），但其在全国城市排名中的位置保持不变，继续位列第8位。这表明武汉市在全省经济中依然发挥了重要作用，并且与去年上半年和今年一季度相比，其经济运行态势基本稳定。,0,0,0,1,0.2412,2738.28,"CRUD_DOC_00013_2023-07-27 20:51:56， 湖北日报讯（记者朱惠）“上半年 | CRUD_DOC_00026_6%。分产业看,第一产业增加值1766.62亿元,增长4.1%;第二产业 | CRUD_DOC_00013_2023-07-27 20:51:56， 湖北日报讯（记者朱惠）“上半年"
llamaindex,questanswer_2docs_004,questanswer_2docs,在第二届俄罗斯-非洲峰会宣言中，俄罗斯和非洲国家决定在哪些领域建立合作，并约定了未来峰会和议会会议的举办频率是多少？,"在第二届俄罗斯-非洲峰会宣言中，俄罗斯与非洲国家决定在政治、安全、经贸、粮食、能源等诸多领域建立合作。宣言还提到将建立对话伙伴机制，便于俄外交部、非洲国家外交部和非洲联盟之间定期进行政治磋商；并计划建立高级别常设对话机制，以协调打击恐怖主义和极端主义，以及解决与粮食和信息安全有关的问题等。

此外，与会领导人约定每三年举办一次俄非峰会，每年举办一次俄非议会会议。",0,0,0,1,0.5926,2701.64,CRUD_DOC_00028_联系方式:shzixun@online.sh.cn 2023-07-30 | CRUD_DOC_00027_请在上述海域作业的船只注意避浪，并及时关注后续海浪预警报。 ， 新华社圣 | CRUD_DOC_00014_07/29 07:45， 新华社墨西哥城7月28日电（记者宣力祺）布里奇
llamaindex,questanswer_2docs_005,questanswer_2docs,在广西和湖南两个地区的乡村振兴活动中，分别有哪些特色产业得到了发展，以及这些产业是如何通过科技创新或资源利用得到提升的？,"在广西的乡村振兴活动中，黄精产业得到了显著的发展。团队在当地黄精种植基地调研时发现黄精植株多遭虫害，并提供了科学的除虫方法。此外，团队还向当地黄精加工企业提供了一套新的黄精根须利用体系，这有助于推动黄精产业的新发展。

在湖南安化县兴果村的乡村振兴活动中，“融核本草”实践团开展了多项专题活动，其中涉及兴果特色水果产业调研和兴果特色旅游业调研。这些活动通过实地走访和调研，帮助当地更好地了解和利用其资源，从而促进相关产业的发展。虽然具体提到的是科技创新或资源利用方面的提升措施不多，但团队的努力有助于收集村民面临的问题并提供解决方案，间接促进了地方特色产业的优化和发展。",0,0,0,1,0.2451,3237.01,CRUD_DOC_00030_本文链接:https://ldhn.rednet.cn/content/ | CRUD_DOC_00029_在鸣鸣果园数字化分选中心，这个果季将有约4000万斤沃柑从这里走出去。从 | CRUD_DOC_00615_2023-08-08 17:39， 8月8日，赛迪顾问发布“2023百强
llamaindex,questanswer_2docs_006,questanswer_2docs,在格尔木市的文化和美食活动中，哪些特色美食和文化表现获得了认可和荣誉，以及这些活动对城市形象有何影响？,"在格尔木市的文化和美食活动中，炕锅美食得到了特别的认可。青海省餐饮行业协会授予了格尔木“炕锅美食之都”的荣誉称号，这表明当地的手抓羊肉、炕锅羊排等特色美食受到了广泛的关注与赞赏。

这些活动不仅提升了格尔木的城市形象，还增强了其作为“炕锅美食之都”的知名度。通过举办首届“瑶池杯”昆仑美食节和厨王争霸赛等活动，展示了当地的优质牛羊品种及其独特的高原风味美食，如手抓羊肉、炕锅羊排等。这有助于推广青海当地特色美食文化，并提升地方餐饮品牌的影响力。

此外，活动还促进了格尔木餐饮企业之间的技能交流与风采展示，推动了格尔木餐饮业的消费升级和高质量发展，进一步提升了城市的吸引力和美誉度。",0,0,0,1,0.2494,3293.17,"CRUD_DOC_00032_被誉为“炕锅美食之都”。当日,青海省餐饮行业协会授予格尔木“炕锅美食之都 | CRUD_DOC_00016_2023-7-31 11:19，  中新网青海格尔木7月30日电(记者 | CRUD_DOC_00016_2023-7-31 11:19，  中新网青海格尔木7月30日电(记者"
llamaindex,questanswer_2docs_007,questanswer_2docs,在乌克兰与克罗地亚的会谈中，双方探讨了哪些具体的粮食出口新路线，以及这些路线的选择考虑到了哪些地理和历史背景因素？,在乌克兰与克罗地亚的会谈中，双方探讨了利用克罗地亚位于多瑙河与亚得里亚海的港口来出口乌克兰的粮食。这一方案的选择考虑到了黑海运量通道中断后的现实情况：乌克兰目前依赖经由欧盟的陆路出口路线以及经由多瑙河的替代路线。此外，克罗地亚并不直接接壤乌克兰，中间隔着匈牙利等国家，这也说明了选择这条新路线需要克服地理上的障碍。,0,0,0,1,0.272,2744.6,CRUD_DOC_00033_据路透社7月31日报道，乌克兰外长库列巴当天与克罗地亚外长拉德曼会谈后表 | CRUD_DOC_00534_2023-08-01 08:54， 原标题：乌外长库列巴：与克罗地亚达成 | CRUD_DOC_00053_第二位是奶或花生等成分。下一篇 （观察者网讯）黑海粮食协议中止后，乌克兰
llamaindex,questanswer_2docs_008,questanswer_2docs,在第6号台风“卡努”预计影响的时间内，国家防总和应急管理部对哪些地区启动了何种级别的防汛应急响应，并且哪些地区的应急响应级别有所变化？,"在第6号台风“卡努”预计影响的时间内，国家防总和应急管理部针对多个省份启动了不同级别的防汛应急响应。具体如下：

- 国家防总于8月2日15时针对第6号台风“卡努”启动了防汛防台风四级应急响应，并向福建、浙江和太湖流域防汛抗旱指挥部下发通知，派出工作组赴浙江协助指导防台风工作。
- 7月30日上午，国家防总启动了防汛二级应急响应，涉及北京、天津、河北、山西、河南等省份。
- 8月9日18时，国家防总针对辽宁、山东启动了防汛防台风四级应急响应。

此外，部分地区的应急响应级别有所变化：
- 国家防总维持对天津的防汛二级应急响应不变。
- 对北京、河北、吉林、黑龙江等地的防汛三级应急响应也保持不变。",0,0,0,1,0.5361,3513.8,CRUD_DOC_00054_国家防总于29日12时将针对京津冀晋鲁豫6省份的防汛应急响应提升至三级， | CRUD_DOC_00035_举报/反馈 据应急管理部网站消息，7月30日上午，国家防总副总指挥、应急 | CRUD_DOC_00036_本轮降水与前期出现暴雨洪涝灾害的地区重叠，要特别防范农田渍涝、中小河流洪
llamaindex,questanswer_2docs_009,questanswer_2docs,在“中国-老挝先天性心脏病联合筛查和治疗”医疗合作项目中，帕萨哈的手术费用是如何被处理的，同时中国医疗组采用了哪些特殊设施来进行治疗？,"在“中国-老挝先天性心脏病联合筛查和治疗”医疗合作项目中，帕萨哈的手术费用是在上述项目支持下被免除的。这表明该项目为需要接受手术治疗的老挝患者提供了经济上的帮助。

同时，中国医疗组采用了移动介入治疗手术车这一特殊设施来进行治疗。通过这种设备，医疗团队能够在老挝的不同地区进行筛查和治疗工作，为更多有需要的孩子提供及时的帮助。",0,0,0,1,0.5391,2730.8,"CRUD_DOC_00037_”今年6月中下旬，在中国民间组织国际交流促进会协助下，中国医学科学院阜外 | CRUD_DOC_00038_新华社发(凯乔 摄)6月中下旬,在中国民间组织国际交流促进会的协助下,此 | CRUD_DOC_00055_新华社发(凯乔 摄)新华社万象6月23日电通讯:感谢中国医生给了孩子正常"
llamaindex,questanswer_2docs_010,questanswer_2docs,在德国政府考虑是否向乌克兰提供“金牛座”巡航导弹的过程中，德国财长和总理的立场如何，且政府采取了哪些预防性技术措施？,"在德国政府考虑是否向乌克兰提供“金牛座”巡航导弹的过程中，德国财长林德纳表示赞成德国政府向乌克兰援助该型导弹，并希望尽快做出正式决定。而德国总理朔尔茨则持谨慎态度，在接受采访时称德国政府尚未最终决定是否向乌克兰提供“金牛座”巡航导弹，并强调在作出此类决定时必须仔细权衡其效果和影响。

为了防止误用，德国政府正与MBDA合作，对德国国防军拥有的“金牛座”巡航导弹进行软件修改。这样可以确保乌克兰军队不会用德国援助的“金牛座”导弹攻击俄罗斯领土（但不包括克里米亚及其他被俄罗斯占领的乌克兰领土）。",0,0,0,1,0.577,3241.71,"CRUD_DOC_00039_此外，德国财长林德纳还表示，他本人赞成德国政府向乌克兰援助“金牛座”巡航 | CRUD_DOC_00040_德国仍犹豫不绝！德国总理朔尔茨近日在接受德国媒体采访时表示，德国政府尚未 | CRUD_DOC_00416_""俄罗斯国防部发布消息称,俄海军航空兵飞机12月1日摧毁了一艘驶向克里米"
llamaindex,questanswer_3docs_001,questanswer_3docs,在“启明行动”中，国家卫健委推广了哪些核心知识来预防儿童青少年近视，同时医疗机构和家长应承担哪些角色？,"在“启明行动”中，国家卫健委推广的核心知识包括：
- 预防近视从小从早做起；
- 每天日间户外活动不少于2小时；
- 养成良好用眼习惯；
- 分龄管控视屏时间；
- 每天坚持做眼保健操；
- 均衡营养充足睡眠；
- 遵医散瞳诊断近视；
- 确诊近视及时干预；
- 重视高度近视及相关并发症；
- 多方合力共筑“防护墙”。

医疗机构和家长在“启明行动”中应承担的角色包括：
- 医疗机构要以儿童家长和养育人为重点，结合眼保健和眼科临床服务，开展个性化咨询指导。
- 针对儿童常见眼病和近视防控等重点问题，通过面对面咨询指导，引导儿童家长树立近视防控意识，改变不良生活方式，加强户外活动，养成爱眼护眼健康行为习惯。",0,0,0,1,0.5804,3649.6,CRUD_DOC_00021_我国将开展防控近视“启明行动”北京日报讯（实习记者 柴嵘）国家卫健委昨天 | CRUD_DOC_00041_《防控儿童青少年近视核心知识十条》包括：预防近视从小从早做起、每天日间户 | CRUD_DOC_00022_“启明行动”将开展社会宣传和健康教育，充分利用网络、广播电视、报刊杂志、
llamaindex,questanswer_3docs_002,questanswer_3docs,江门市通过哪些渠道和活动为高校毕业生提供就业支持，并且如何吸引港澳青年来发展？,"江门市通过多种渠道和活动为高校毕业生提供就业支持，具体包括：

1. **招聘会**：如2023年7月15日在江门五邑华侨广场举办的离校未就业高校毕业生招聘活动，吸引了近6000人次的毕业生参与。招聘会提供了广泛的就业机会，并设置了职业指导沙龙专区和求职应聘真人秀等活动。

2. **精准推送人才资源**：江门市人社局针对重点企业的需求，精准推送人才资源，搭建好高校毕业生引进与企业发展的桥梁。

3. **打造港澳青年青创体系**：以双创园为核心，构建“1+7+N”的港澳青年青创体系，旨在吸引更多优秀高校毕业生来到江门、留在江门发展。

4. **组织招聘活动赴外地高校**：接下来，江门市还将分批组织重点企业推出优质岗位赴广州、茂名等地的高校开展招聘活动，并在五邑大学设专场招聘会。

5. **职业指导服务**：通过“三进一送”系列服务，如举办就业沙龙分享会等，为毕业生提供全方位的职业能力测评、职场适应、职场导航和职场礼仪等方面的指导。同时，江门市还利用官方微信公众号“江门e就业”，开设线上定制课程进行职业指导。

这些措施共同促进了高校毕业生的高质量充分就业，并吸引了更多港澳青年来江门发展。",0,0,0,1,0.2215,4040.46,"CRUD_DOC_00043_将于本周六在江门五邑华侨广场举行。招聘会上,将有约200家企业进场招聘, | CRUD_DOC_00042_相关负责人表示，下一步，江门市人社局将针对重点企业高校毕业生需求，精准推 | CRUD_DOC_00044_据悉，接下来，江门市还将分批组织重点企业推出优质岗位赴广州、茂名、广西柳"
llamaindex,questanswer_3docs_003,questanswer_3docs,在2023年上半年，武汉、深圳和杭州的GDP增长率分别是多少，以及这些城市在全国GDP排名中的变化情况如何？,"在2023年上半年：
- 武汉市的GDP增长率为6.0%，其中第一产业增加值同比增长3.8%，第二产业增加值增长4.2%，第三产业增加值增长5.5%。
- 深圳市的GDP增长率为6.3%，具体数据为：第一产业增加值增长0.0%，第二产业增加值增长4.8%，第三产业增加值增长7.2%。
- 杭州市的GDP增长率为6.9%，各产业的具体变化为：第一产业增加值同比增长3.3%，第二产业增加值增长1.3%，第三产业增加值增长9.3%。

在全国GDP十强城市的排名中，武汉保持稳定，位列第9；杭州则超越了武汉，排名第8。深圳依旧稳居第三位。",0,0,0,1,0.3937,3528.23,CRUD_DOC_00045_2023-07-28 13:13， 杭州城市风光。视觉中国 资料图7月2 | CRUD_DOC_00013_2023-07-27 20:51:56， 湖北日报讯（记者朱惠）“上半年 | CRUD_DOC_00025_3个百分点，高于全国1.4个百分点。分产业看，第一产业增加值151亿元，
llamaindex,questanswer_3docs_004,questanswer_3docs,巴巴多斯总理米娅·莫特利在要求英国赔偿奴隶贸易的演讲中提到的金额是多少，她与哪位英国官员讨论了这个问题，而英国首相对于赔偿和道歉的立场是什么？,巴巴多斯总理米娅·莫特利在伦敦政治经济学院发表演讲时要求英国赔偿4.9万亿美元。她在演讲前一天与英国新任外交大臣戴维·卡梅伦会面讨论了这个问题，但没有透露具体细节。而英国首相苏纳克则在今年4月公开表示拒绝进行奴隶贸易有关的道歉或赔偿，他认为英国政府应该优先解决国内矛盾，而不是纠结于各种历史问题。,0,0,0,1,0.6727,2454.15,"CRUD_DOC_00047_前殖民国家的应赔偿款项。图片来源：《对美洲和加勒比地区跨大西洋奴隶贸易的 | CRUD_DOC_00046_而俄罗斯方面，没有对这名女子被逮捕发表评论和回应。 ""15世纪到19世纪 | CRUD_DOC_00048_当时，工党议员Bell Ribeiro-Addy询问苏纳克是否会针对奴隶"
llamaindex,questanswer_3docs_005,questanswer_3docs,大学生在社会实践活动中是如何结合电商直播和文化传承来推动乡村振兴的？,"在社会实践中，大学生通过体验直播助农及交流访谈的方式，不仅加深了对直播助农的理解与认识。例如，在“匠心传承，我是非遗文化传播者”主题的社会实践活动中，聊城大学药学院致远一方志愿服务队致力于保护非物质文化遗产和提升文化自豪感。

同时，为了应对当地电商人才匮乏的问题，团队通过培养村民的“新农人”意识来推动乡村振兴。他们走家串户为村民开展电商基础知识宣讲，并帮助开通账号进行现场试播，鼓励大家利用农闲时间在网络平台推广家乡的产品。此外，团队还参与了直播活动，如北京财贸职业学院的学生主持并介绍了镇域好物，村民们详细讲解农产品的种植方式和文创产品的特点。

这些实践活动不仅促进了当地特色农产品的销售，也通过电商直播培训挖掘了新的农村人才，为乡村振兴注入了新动力。",0,0,0,1,0.1327,3353.12,CRUD_DOC_00051_本次社会实践活动学生通过体验直播助农及交流访谈的方式，不仅进一步加深了对 | CRUD_DOC_00049_主播进行时（北京）科技有限公司作为本次活动的协办单位，对活动提供了大力支 | CRUD_DOC_00050_面对当地电商人才匮乏的困境，团队认为培养当地村民的“新农人”意识至关重要
llamaindex,questanswer_3docs_006,questanswer_3docs,格尔木市通过哪些活动展示了其文化魅力，并因何种特色美食获得了哪个荣誉称号？,格尔木市通过举办首届“瑶池杯”昆仑美食节、文艺表演以及器乐才艺大赛等系列活动，展示了其文化魅力。其中，在首届昆仑美食节上，格尔木因其独特的炕锅美食而被授予了“炕锅美食之都”的荣誉称号。,0,0,0,1,0.6577,2319.26,"CRUD_DOC_00016_2023-7-31 11:19，  中新网青海格尔木7月30日电(记者 | CRUD_DOC_00032_被誉为“炕锅美食之都”。当日,青海省餐饮行业协会授予格尔木“炕锅美食之都 | CRUD_DOC_00031_同时，首届“昆仑之星”全民器乐才艺大赛中，格尔木爱韵艺术学校的选送作品《"
llamaindex,questanswer_3docs_007,questanswer_3docs,在黑海粮食协议中止后，乌克兰计划通过哪些新的路线和港口出口粮食，并且这些新的路线涉及哪些国家的协助？,"在黑海粮食协议中止后，乌克兰计划通过克罗地亚的多瑙河与亚得里亚海的港口来出口粮食。这一新路线涉及到乌克兰和克罗地亚的合作。

具体来说，乌克兰外长库列巴表示，两国已同意探讨利用克罗地亚的港口出口乌克兰的粮食，并将努力建立通往这些港口的最高效路线。此外，克罗地亚外交部国务秘书马图希奇也表示，克罗地亚准备帮助寻找乌克兰粮食出口的新路线，该国在亚得里亚海的铁路和港口是可能的替代路线之一。

虽然乌克兰与克罗地亚并不直接接壤，但这一计划需要经过匈牙利等国家。",0,0,0,1,0.523,3161.0,CRUD_DOC_00534_2023-08-01 08:54， 原标题：乌外长库列巴：与克罗地亚达成 | CRUD_DOC_00034_”。乌克兰外长库列巴7月17日在联合国安理会发表讲话/资料图在黑海运量通 | CRUD_DOC_00053_第二位是奶或花生等成分。下一篇 （观察者网讯）黑海粮食协议中止后，乌克兰
llamaindex,questanswer_3docs_008,questanswer_3docs,在台风“卡努”和强降雨影响下，国家防总对哪些地区启动了何种级别的应急响应，并且哪些部门联合进行了防汛会商调度？,"在台风“卡努”和强降雨影响下，国家防总针对多个省份启动了不同级别的应急响应。具体包括：

1. 针对京津冀晋鲁豫6省份的防汛应急响应提升至三级。
2. 向福建、浙江和太湖流域防汛抗旱指挥部启动防汛防台风四级应急响应，并派出工作组赴浙江协助指导防台风工作。
3. 7月30日针对北京、天津、河北、山西、河南等重点省份启动了防汛二级应急响应。
4. 国家防总办公室、应急管理部与中国气象局、水利部等部门进行了防汛专题会商调度，研判雨情、水情、灾情和台风“卡努”发展趋势，并安排部署重点地区防汛救灾工作。",0,0,0,1,0.2804,3262.22,CRUD_DOC_00054_国家防总于29日12时将针对京津冀晋鲁豫6省份的防汛应急响应提升至三级， | CRUD_DOC_00035_举报/反馈 据应急管理部网站消息，7月30日上午，国家防总副总指挥、应急 | CRUD_DOC_00036_本轮降水与前期出现暴雨洪涝灾害的地区重叠，要特别防范农田渍涝、中小河流洪
llamaindex,questanswer_3docs_009,questanswer_3docs,在“中国-老挝先天性心脏病联合筛查和治疗”医疗合作项目中，哪些机构联合提供了哪种移动医疗服务，并在老挝的哪些城市进行了儿童先心病筛查？,在中国-老挝先天性心脏病联合筛查和治疗”医疗合作项目中，由中国医学科学院阜外医院、云南省阜外心血管病医院、中华慈善总会和云南省政府新闻办等机构联合提供移动医疗服务，并在老挝的孟赛、琅勃拉邦、万象等地对近6000名3岁至18岁的老挝中小学和幼儿园学生进行了先心病免费筛查。,0,0,0,1,0.6509,2730.05,CRUD_DOC_00037_”今年6月中下旬，在中国民间组织国际交流促进会协助下，中国医学科学院阜外 | CRUD_DOC_00055_新华社发(凯乔 摄)新华社万象6月23日电通讯:感谢中国医生给了孩子正常 | CRUD_DOC_00175_2023/07/30 ， 作者：仁砳由中央网信办主办的2022中国正能量
llamaindex,questanswer_3docs_010,questanswer_3docs,恐吓邮件中提到了哪些具体地点和时间，以及警方为保护李在明采取了哪些安全措施？,"恐吓邮件中提到的具体地点是距离首尔市内某图书馆334米范围内放置了炸弹，并且特别指出首尔多处尤其是地铁里设置了炸弹。邮件威胁称如果韩国最大在野党共同民主党党首李在明在8月9日15时34分以前未被杀死，就会引爆炸弹。

警方为保护李在明采取的安全措施包括：国会秘书处加强了在国会大楼周边的巡逻，并且共同民主党表示李在明当天已在国会内部警卫的保护下下班。此外，虽然具体细节没有提及，但可以推测警方可能已经启动了相应的安全程序和措施来确保其安全。",0,0,0,1,0.3567,3040.99,CRUD_DOC_00058_2023-08-09 07:20， 【环球网报道】据韩联社报道，根据韩国 | CRUD_DOC_00020_2023-08-09 01:21， 当地时间2023年6月19日，韩国首 | CRUD_DOC_00568_突破600万吨!全力保障“迎峰度夏”电煤供应2023-08-05 19:
llamaindex,hallu_modified_001,hallu_modified,"请根据知识库判断并纠正下面这段新闻续写中的错误，只输出纠正后的文本。
新闻开头：新华社银川9月22日电20日至22日，中共中央政治局委员、国家副主席李源潮在宁夏调研时指出，各级党委要认真落实习近平总书记要求，加强和改进党对群团工作的领导，积极有序推动群团改革。
    20日，李源潮来到银川贺兰县调研。
续写：在宁夏群团学院，李源潮与学院教职员工及学员深入交流，了解了学院群团工作的培训教学情况。","新华社银川9月22日电20日至22日，中共中央政治局委员、国家副主席李源潮在宁夏调研时指出，各级党委要认真落实习近平总书记要求，加强和改进党对群团工作的领导，积极有序推动群团改革。

21日，李源潮来到银川贺兰县调研。

在银川召开的群团改革座谈会上，李源潮认真听取了自治区党委、青妇科侨组织和基层干部的意见。随后，在宁夏群团学院，李源潮与学院教职员工及学员深入交流，了解了学院群团工作的培训教学情况。",0,0,0,1,0.1561,3402.23,CRUD_DOC_00059_新华社银川9月22日电20日至22日，中共中央政治局委员、国家副主席李源 | CRUD_DOC_00020_2023-08-09 01:21， 当地时间2023年6月19日，韩国首 | CRUD_DOC_00428_中新网纽约4月13日电 美国副总统切尼乘坐的飞机当地时间13日上午快要抵
llamaindex,hallu_modified_002,hallu_modified,"请根据知识库判断并纠正下面这段新闻续写中的错误，只输出纠正后的文本。
新闻开头：新华社上海11月21日电（记者潘清）本周伊始，A股温和反弹。21日上证综指重回3200点上方，走势明显强于“中小创”群体。两市成交较前一交易日有所放大，总量超过5900亿元。
续写：沪深两市午后有所回落，上证综指收盘下跌0.04%，收报3200.98点；","新华社上海11月21日电（记者潘清）本周伊始，A股温和反弹。21日上证综指重回3200点上方，走势明显强于“中小创”群体。两市成交较前一交易日有所放大，总量超过5900亿元。

续写：沪深两市午后有所回落，上证综指收盘下跌0.04%，收报3200.78点；",0,0,0,0,0.2837,3136.72,CRUD_DOC_01244_2023-08-03 14:45:54， 就业是最基本的民生。为深入贯彻 | CRUD_DOC_00548_2023-07-28 15:04:00， 中国青年报客户端北京7月28日 | CRUD_DOC_00331_北交所个股再现强势，次新股昆工科技今日大涨逾24%，是沪深京三个交易所中
llamaindex,hallu_modified_003,hallu_modified,"请根据知识库判断并纠正下面这段新闻续写中的错误，只输出纠正后的文本。
新闻开头：新华社上海10月11日体育专电（记者郭敬丹 朱翃）11日的上海大师赛迎来巨星登场，赛会头号种子焦科维奇直落两盘得胜收获“开门红”。赛后，卫冕冠军又大秀中文，在镜头上写下的“笑”字和口中说出的“我爱你们”都令现场球迷欢呼声不断。
续写：在当天的比赛中，塞尔维亚球星焦科维奇以6-3、6-4的比分轻松战胜美国球员杰克·索克，晋级第二轮。","新华社上海10月11日体育专电（记者郭敬丹 朱翃）11日的上海大师赛迎来巨星登场，赛会头号种子焦科维奇直落两盘得胜收获“开门红”。赛后，卫冕冠军又大秀中文，在镜头上写下的“笑”字和口中说出的“我爱你们”都令现场球迷欢呼声不断。

在当天的比赛中，塞尔维亚球星焦科维奇以6-3、6-4的比分轻松战胜美国球员杰克·索克，晋级第二轮。",0,0,0,0,0.3386,3512.21,CRUD_DOC_00428_中新网纽约4月13日电 美国副总统切尼乘坐的飞机当地时间13日上午快要抵 | CRUD_DOC_00685_， 中新社北京7月25日电(记者 李京泽 梁晓辉)7月25日，十四届全国 | CRUD_DOC_01182_华夏经纬网 > 新闻 > 港澳新闻 2023-08-11 09:04:5
llamaindex,hallu_modified_004,hallu_modified,"请根据知识库判断并纠正下面这段新闻续写中的错误，只输出纠正后的文本。
新闻开头：新华社悉尼5月28日电（万思琦）未见冰山上的来客，一座冰山却亲自来了。2010年，一座冰山偶然漂移至南极联邦湾，为澳大利亚南极科考人员研究海冰变化对生态环境的影响提供了绝好机会。
续写：澳大利亚南极局局长斯蒂芬·米勒说，冰山漂移的现象非常罕见，但它是研究地球气候变化的重要线索。","新华社悉尼5月28日电（万思琦）未见冰山上的来客，一座冰山却亲自来了。2010年，一座冰山偶然漂移至南极联邦湾，为澳大利亚南极科考人员研究海冰变化对生态环境的影响提供了绝好机会。
澳大利亚新南威尔士大学日前发布的公报说，2010年，一座巨大冰山漂移至南极东部的联邦湾海域，“卡”在这里几年没再移动。这期间，澳大利亚南极科考人员跟踪观察了该冰山周围的生态环境。",0,0,0,1,0.1531,3284.31,"CRUD_DOC_00062_新华社悉尼5月28日电（万思琦）未见冰山上的来客，一座冰山却亲自来了。2 | CRUD_DOC_00422_本报讯(记者 王薇)昨天,中国消费者协会发布第三季度全国消协组织受理投诉 | CRUD_DOC_00428_中新网纽约4月13日电 美国副总统切尼乘坐的飞机当地时间13日上午快要抵"
llamaindex,hallu_modified_005,hallu_modified,"请根据知识库判断并纠正下面这段新闻续写中的错误，只输出纠正后的文本。
新闻开头：新华社香港12月9日电（记者刘宁）在香港注册成立、由内地和香港学者组成的“中国城市竞争力研究会”9日在香港会展中心公布2015年中国城市竞争力排行榜，上海继续保持第一。深圳超越北京，跃居第三位，直逼排名第二的香港。
续写：当日活动由“中国城市竞争力研究会”和香港“策略发展局”联合主办，会上揭晓“中国城市综合竞争力排行榜”和“中国城市成长竞争力排行榜”。","新华社香港12月9日电（记者刘宁）在香港注册成立、由内地和香港学者组成的“中国城市竞争力研究会”9日在香港会展中心公布2015年中国城市竞争力排行榜，上海继续保持第一。深圳超越北京，跃居第三位，直逼排名第二的香港。

当日活动由“中国城市竞争力研究会”主办，并未提及与香港“策略发展局”的联合主办。会上揭晓了“中国城市综合竞争力排行榜”和“中国城市成长竞争力排行榜”。",1,0,0,1,0.4423,3282.73,"CRUD_DOC_00995_北京日报客户端 | 记者 孟紫薇香港特区政府统计处今天（3月16日）公布 | CRUD_DOC_00063_新华社香港12月9日电（记者刘宁）在香港注册成立、由内地和香港学者组成的 | CRUD_DOC_00421_红网时刻新闻8月15日讯(通讯员 周文 谢文彬)连日来,永州市江永县下界"
llamaindex,hallu_modified_006,hallu_modified,"请根据知识库判断并纠正下面这段新闻续写中的错误，只输出纠正后的文本。
新闻开头：新华社南宁2月17日专电（记者向志强）每年春运，都有大量铁路工作人员坚守在岗位上。今年春运，南宁铁路局南宁客运段值乘的动车上多了两对特殊组合：一对“动哥兄弟”和一对“动姐双胞胎”。
续写：这对“动哥兄弟”分别是来自湖南的肖健和来自四川的肖鹏，他们是一对双胞胎，今年除夕将在动车上度过。","新华社南宁2月17日专电（记者向志强）每年春运，都有大量铁路工作人员坚守在岗位上。今年春运，南宁铁路局南宁客运段值乘的动车上多了两对特殊组合：一对“动哥兄弟”和一对“动姐双胞胎”。

这对“动哥兄弟”分别是来自河南开封的董照华和董照杰，他们是一对双胞胎，今年除夕将在动车上度过。",0,0,0,1,0.4625,3138.92,"CRUD_DOC_00422_本报讯(记者 王薇)昨天,中国消费者协会发布第三季度全国消协组织受理投诉 | CRUD_DOC_00428_中新网纽约4月13日电 美国副总统切尼乘坐的飞机当地时间13日上午快要抵 | CRUD_DOC_00064_新华社南宁2月17日专电（记者向志强）每年春运，都有大量铁路工作人员坚守"
llamaindex,hallu_modified_007,hallu_modified,"请根据知识库判断并纠正下面这段新闻续写中的错误，只输出纠正后的文本。
新闻开头：新华社上海4月2日电（许晓青 周文其）上海2日公布的一项抽样调查结果显示，相恋1年及1年不到就结婚的“闪婚”族群在上海正逐步增多。民政部门的专家分析认为，上海青年“闪婚”已不再是“小众”现象。
续写：据调查数据显示，近年来，上海青年的“闪婚”比例已超过20%，这一现象引起了社会广泛关注。","新华社上海4月2日电（许晓青 周文其）上海2日公布的一项抽样调查结果显示，相恋1年及1年不到就结婚的“闪婚”族群在上海正逐步增多。民政部门的专家分析认为，上海青年“闪婚”已不再是“小众”现象。
据调查数据显示，在回答“从相恋到登记结婚时间跨度有多长”的891个有效样本中，403个样本回答“相恋1年及1年以内”就登记结婚，占45.2%，其中包括有117个样本明确回答“相恋不到1年”就结婚。这一现象引起了社会广泛关注。",0,0,0,1,0.2262,3507.2,"CRUD_DOC_01019_新华社和平方舟9月4日电题：走向深蓝，突破“语言关”——随中国海军“和平 | CRUD_DOC_00065_新华社上海4月2日电（许晓青 周文其）上海2日公布的一项抽样调查结果显示 | CRUD_DOC_00683_2月24日,国药集团所属国药器械与GE医疗中国在京签署协议,宣布在中国成"
llamaindex,hallu_modified_008,hallu_modified,"请根据知识库判断并纠正下面这段新闻续写中的错误，只输出纠正后的文本。
新闻开头：新华社华盛顿6月11日电（记者李博闻）金州勇士队11日在客场以103：82击败克里夫兰骑士队，将美职篮总决赛系列赛总比分扳成2：2。
  库里状态回勇，伊戈达拉成为当晚X因素，两人各得到全队最高的22分。
续写：勇士队的核心史蒂夫·库里本场比赛状态回勇，全场比赛23投10中，其中三分球10投3中，得到了29分。",新华社华盛顿6月11日电（记者李博闻）金州勇士队11日在客场以103：82击败克里夫兰骑士队，将美职篮总决赛系列赛总比分扳成2：2。库里状态回勇，伊戈达拉成为当晚X因素，两人各得到全队最高的22分。勇士队的核心斯蒂芬·库里本场比赛状态回勇，全场比赛23投10中，其中三分球10投4中，得到了29分。,0,0,0,0,0.2754,3331.79,"CRUD_DOC_00022_“启明行动”将开展社会宣传和健康教育，充分利用网络、广播电视、报刊杂志、 | CRUD_DOC_00427_东北新闻网、北斗融媒讯(记者田理)7月9日上午,沈阳市和平区组织全区11 | CRUD_DOC_00560_齐鲁网·闪电新闻7月24日讯 今天，第三届山东网络文明周在日照市启动。来"
llamaindex,hallu_modified_009,hallu_modified,"请根据知识库判断并纠正下面这段新闻续写中的错误，只输出纠正后的文本。
新闻开头：新华社长沙8月28日电（记者谭畅）2016赛季中甲联赛第24轮的比赛28日结束，天津权健客场2：3负于上海申鑫，积分榜首不保。贵州恒丰智诚和青岛黄海分别战胜各自对手，同积47分领跑。
续写：作为上赛季第四名，权健本赛季前23轮比赛拿到36分，仅丢6球，高居积分榜首位。","新华社长沙8月28日电（记者谭畅）2016赛季中甲联赛第24轮的比赛28日结束，天津权健客场2：3负于上海申鑫，积分榜首不保。贵州恒丰智诚和青岛黄海分别战胜各自对手，同积47分领跑。

作为上赛季第四名，权健本赛季前23轮比赛拿到36分，仅丢10球，高居积分榜首位。",0,0,0,0,0.3097,3111.36,CRUD_DOC_00022_“启明行动”将开展社会宣传和健康教育，充分利用网络、广播电视、报刊杂志、 | CRUD_DOC_00222_继4月27日国家健康医疗大数据北方中心及产业园落户济南后，5月16日，第 | CRUD_DOC_00429_2023-08-01 08:22， 一觉醒来，台风“卡努”转向更明显了！
llamaindex,hallu_modified_010,hallu_modified,"请根据知识库判断并纠正下面这段新闻续写中的错误，只输出纠正后的文本。
新闻开头：新华社里斯本8月6日电（报道员陈柏乔）葡超豪门波尔图队5日官方宣布了意大利前锋奥斯瓦尔多和法国左后卫西索科的加盟。奥斯瓦尔多在和英超南安普顿队合同到期后自由加盟波尔图，签约1年并拥有两年的续约选项，新赛季将身披10号战袍。
续写：西索科则是从法甲特鲁瓦队转会而来，双方签约3年。",新华社里斯本8月6日电（报道员陈柏乔）葡超豪门波尔图队5日官方宣布了意大利前锋奥斯瓦尔多和法国左后卫西索科的加盟。奥斯瓦尔多在和英超南安普顿队合同到期后自由加盟波尔图，签约1年并拥有两年的续约选项，新赛季将身披10号战袍。西索科则是从法甲特鲁瓦队转会而来，双方签约2年。,0,0,0,0,0.1867,3401.81,CRUD_DOC_00685_， 中新社北京7月25日电(记者 李京泽 梁晓辉)7月25日，十四届全国 | CRUD_DOC_00887_2023-08-17， 最高人民检察院16日通报，新疆生产建设兵团原党委 | CRUD_DOC_01105_2023-08-11， 据悉，2020年以来，公安部每年组织“净网”专项
llamaindex,negative_rejection_001,negative_rejection,关于“2023年7月20日，应急管理部、财政部联合下发《因灾倒塌、损坏住房恢复重建救助工作规范》的通知，规范倒损住房恢复重建救助相关工作。”，文中负责人的电子邮箱地址是什么？如果资料没有提供，请直接说明无法确定。,文中未提供任何负责人的电子邮箱地址，因此无法确定。,1,1,0,0,0.0,2263.0,CRUD_DOC_00001_2023-07-20 10:02， 本报讯 近日，应急管理部、财政部联合 | CRUD_DOC_00741_2023-07-20 18:27， 建业地产 视觉中国 资料图7月20日 | CRUD_DOC_00400_2023-07-03 13:41， 当地时间2023年7月2日，法国巴黎
llamaindex,negative_rejection_002,negative_rejection,关于“2023年8月16日，湖北省35个县市出现35℃以上高温，并预计未来三天高温将持续，局部地区可能有阵雨或雷阵雨，咸宁及其他强降水区域可能发生地质灾害。”，文中负责人的电子邮箱地址是什么？如果资料没有提供，请直接说明无法确定。,根据提供的信息，文档中并未提及任何负责人的电子邮箱地址。因此，无法确定该负责人的电子邮箱地址。,1,1,0,0,0.0,2321.54,CRUD_DOC_00004_2023-08-16 14:26:26， 截至昨天（15日）下午3点全省 | CRUD_DOC_00300_2023-08-17 17:07:50， 近日，上海连日高温。在建筑工地 | CRUD_DOC_00300_2023-08-17 17:07:50， 近日，上海连日高温。在建筑工地
llamaindex,negative_rejection_003,negative_rejection,关于“2021年8月7日至11日，山西省团校阳泉学院举办了团山西省委书记张钧主持的学习贯彻习近平总书记在同团中央新一届领导班子成员集体谈话时的重要讲话精神和团十九大部署暨提升基层改革攻坚能力专题培训班。”，文中负责人的电子邮箱地址是什么？如果资料没有提供，请直接说明无法确定。,根据提供的信息，文中的负责人张钧是团山西省委书记，并未提及他的电子邮箱地址。因此，无法从给定的资料中确定该负责人的电子邮箱地址。,1,1,0,0,0.0,2472.77,CRUD_DOC_00007_， 本报讯（中青报·中青网记者 胡志中）8月7日至11日，山西共青团学习 | CRUD_DOC_00166_认真学习贯彻习近平总书记对防汛救灾工作的重要指示精神本报讯 8月1日，省 | CRUD_DOC_00432_2023-08-03 09:32， 原标题：【多彩新论】让青春之花在基层
llamaindex,negative_rejection_004,negative_rejection,关于“2023年9月7日至9月9日，外滩大会组委会将在上海世博园举办全球级金融科技大会“2023 inclusion·外滩大会”。”，文中负责人的电子邮箱地址是什么？如果资料没有提供，请直接说明无法确定。,根据提供的信息，文档中并未提及负责人的电子邮箱地址。因此，无法确定负责人电子邮箱的具体内容。,1,1,0,0,0.0,2149.42,CRUD_DOC_00010_记者：孙奇茹， 8月8日，外滩大会组委会宣布，全球级金融科技大会“202 | CRUD_DOC_00028_联系方式:shzixun@online.sh.cn 2023-07-30 | CRUD_DOC_00119_2023-08-09 20:37， 大剧场秀《叁壹秀－夢啟》、100周年
llamaindex,negative_rejection_005,negative_rejection,关于“2023年7月27日，武汉市统计局和国家统计局武汉调查队发布了2023年上半年武汉市经济运行情况，全市GDP9503.33亿元，比上年同期增长5.0%。”，文中负责人的电子邮箱地址是什么？如果资料没有提供，请直接说明无法确定。,根据提供的信息，文档中并未提及负责人的电子邮箱地址，因此无法确定。,1,1,0,0,0.0,2406.91,CRUD_DOC_00013_2023-07-27 20:51:56， 湖北日报讯（记者朱惠）“上半年 | CRUD_DOC_00045_2023-07-28 13:13， 杭州城市风光。视觉中国 资料图7月2 | CRUD_DOC_00025_3个百分点，高于全国1.4个百分点。分产业看，第一产业增加值151亿元，
llamaindex,negative_rejection_006,negative_rejection,关于“2023年7月29日，首届“瑶池杯”昆仑美食节在青海省格尔木市启动，期间包括厨王争霸赛、特色美食人气榜评选、非遗文化展演等活动。”，文中负责人的电子邮箱地址是什么？如果资料没有提供，请直接说明无法确定。,文中提供的信息中并未提及任何负责人的电子邮箱地址，因此无法确定负责人电子邮箱地址。,1,1,0,0,0.0,2272.48,"CRUD_DOC_00016_2023-7-31 11:19，  中新网青海格尔木7月30日电(记者 | CRUD_DOC_00032_被誉为“炕锅美食之都”。当日,青海省餐饮行业协会授予格尔木“炕锅美食之都 | CRUD_DOC_00031_同时，首届“昆仑之星”全民器乐才艺大赛中，格尔木爱韵艺术学校的选送作品《"
llamaindex,negative_rejection_007,negative_rejection,关于“2023年8月1日，中车大连机车车辆有限公司为中老铁路设计制造的2台HXN3型大功率内燃机车抵达老挝磨丁，将在中老铁路磨丁-万象段承担牵引工作。”，文中负责人的电子邮箱地址是什么？如果资料没有提供，请直接说明无法确定。,文中未提供任何关于负责人的电子邮箱地址的信息，因此无法确定。,1,1,0,0,0.0,2404.85,CRUD_DOC_00019_7月21日在老挝磨丁拍摄的中车大连机车车辆有限公司设计制造的HXN3型大 | CRUD_DOC_00429_2023-08-01 08:22， 一觉醒来，台风“卡努”转向更明显了！ | CRUD_DOC_00417_2023-08-02 12:00， 原标题：山西大正保安服务集团有限公司
llamaindex,negative_rejection_008,negative_rejection,关于“2023年8月3日，广州市社会科学院在广州国际交流合作中心举行了推动高水平对外开放服务高质量发展研讨会暨《广州城市国际化发展报告（2023）》发布会。”，文中负责人的电子邮箱地址是什么？如果资料没有提供，请直接说明无法确定。,文中未提供负责人的电子邮箱地址，因此无法确定。,1,1,0,0,0.0,2079.7,"CRUD_DOC_00012_2023-08-03 20:43， 南方网讯 （记者/杨智明 通讯员/穗 | CRUD_DOC_00024_自2014年启动以来，已累计募集岗位超18万个，帮助11万余名大学生走上 | CRUD_DOC_00023_总结了2022年广州城市国际化发展现状,通过分析广州在权威全球城市评价排"
llamaindex,negative_rejection_009,negative_rejection,关于“2023年7月29日，首届“瑶池杯”昆仑美食节在青海省格尔木市启动，期间包括厨王争霸赛、特色美食人气榜评选、非遗文化展演等活动。”，文中负责人的电子邮箱地址是什么？如果资料没有提供，请直接说明无法确定。,文中提供的信息中并未提及任何负责人及其电子邮箱地址，因此无法确定负责人电子邮箱地址。,1,1,0,0,0.0,2215.58,"CRUD_DOC_00016_2023-7-31 11:19，  中新网青海格尔木7月30日电(记者 | CRUD_DOC_00032_被誉为“炕锅美食之都”。当日,青海省餐饮行业协会授予格尔木“炕锅美食之都 | CRUD_DOC_00031_同时，首届“昆仑之星”全民器乐才艺大赛中，格尔木爱韵艺术学校的选送作品《"
llamaindex,negative_rejection_010,negative_rejection,关于“2018年，柬中两国在柬埔寨开启医疗合作项目，共同救治柬埔寨先心病患儿，至2023年8月2日，已成功筛查儿童5万余人，为86名先心病患儿免费治疗。”，文中负责人的电子邮箱地址是什么？如果资料没有提供，请直接说明无法确定。,文中提供的信息中并未提及任何关于“2018年，柬中两国在柬埔寨开启医疗合作项目”的内容，也没有提到负责人的电子邮箱地址。因此，根据给出的资料，无法确定负责人电子邮箱地址是什么。,1,1,0,0,0.0,2585.2,CRUD_DOC_00175_2023/07/30 ， 作者：仁砳由中央网信办主办的2022中国正能量 | CRUD_DOC_01236_2023-08-02， 2023年已然过去大半，时至今日，人们还清晰记得 | CRUD_DOC_00175_2023/07/30 ， 作者：仁砳由中央网信办主办的2022中国正能量
llamaindex,negative_rejection_011,negative_rejection,关于“2023年7月15日下午，广东省人力资源和社会保障厅、广东省工商业联合会、江门市人力资源和社会保障局联合主办的“筑梦青春·就业启航”招聘活动在江门举行，旨在帮助高校毕业生顺利就业。”，文中负责人的电子邮箱地址是什么？如果资料没有提供，请直接说明无法确定。,文中并未提及任何负责人的电子邮箱地址，因此无法确定。,1,1,0,0,0.0,2157.91,"CRUD_DOC_00042_相关负责人表示，下一步，江门市人社局将针对重点企业高校毕业生需求，精准推 | CRUD_DOC_00043_将于本周六在江门五邑华侨广场举行。招聘会上,将有约200家企业进场招聘, | CRUD_DOC_00044_据悉，接下来，江门市还将分批组织重点企业推出优质岗位赴广州、茂名、广西柳"
llamaindex,negative_rejection_012,negative_rejection,关于“2021年7月22日至28日，德州学院经济管理学院实践团赴山东省威海市郐家村开展以“电商助农”为主题的大学生暑期“三下乡”社会实践活动，通过网络电商直播帮助村民销售编织簸箕。”，文中负责人的电子邮箱地址是什么？如果资料没有提供，请直接说明无法确定。,文中提供的信息中并没有提及任何关于德州学院经济管理学院实践团负责人及其电子邮箱地址的内容。因此，根据给出的资料，无法确定该活动负责人的电子邮箱地址。,1,1,0,0,0.0,2598.07,"CRUD_DOC_00015_2023年08月07日， 中国青年报客户端讯（中青报·中青网记者 杨宝光 | CRUD_DOC_00192_2023-07-24 11:23， 原标题：暑期实践活动 丰富假期生活暑 | CRUD_DOC_00931_新华社广州7月31日电(记者邓瑞璇)“未来属于中国,中国的未来属于青年!"
llamaindex,negative_rejection_013,negative_rejection,关于“2023年8月9日，应急管理部部长王祥喜部署安排国家防总办公室、应急管理部等与中国气象局、水利部、自然资源部联合调度会商，研判雨情、汛情、地质灾害和6号台风“卡努”发展趋势，并安排部署重点地区防汛救灾工作。”，文中负责人的电子邮箱地址是什么？如果资料没有提供，请直接说明无法确定。,文中未提供应急管理部部长王祥喜或其他相关负责人电子邮箱地址的信息，因此无法确定。,1,1,0,0,0.0,2280.39,CRUD_DOC_00054_国家防总于29日12时将针对京津冀晋鲁豫6省份的防汛应急响应提升至三级， | CRUD_DOC_00035_举报/反馈 据应急管理部网站消息，7月30日上午，国家防总副总指挥、应急 | CRUD_DOC_00036_本轮降水与前期出现暴雨洪涝灾害的地区重叠，要特别防范农田渍涝、中小河流洪
llamaindex,negative_rejection_014,negative_rejection,关于“新华社银川9月22日电20日至22日，中共中央政治局委员、国家副主席李源潮在宁夏调研时指出，各级党委要认真落实习近平总书记要求，加强和改进党对群团工作的领导，积”，文中负责人的电子邮箱地址是什么？如果资料没有提供，请直接说明无法确定。,根据提供的文档内容，无法确定负责人的电子邮箱地址。文档中并未提及任何关于李源潮同志的联系方式信息。,1,1,0,0,0.0,2324.02,CRUD_DOC_00059_新华社银川9月22日电20日至22日，中共中央政治局委员、国家副主席李源 | CRUD_DOC_00059_新华社银川9月22日电20日至22日，中共中央政治局委员、国家副主席李源 | CRUD_DOC_01110_2023-08-17 07:28 ， 吉林日报8月16日讯(记者李抑嫱)
llamaindex,negative_rejection_015,negative_rejection,关于“新华社悉尼5月28日电（万思琦）未见冰山上的来客，一座冰山却亲自来了。2010年，一座冰山偶然漂移至南极联邦湾，为澳大利亚南极科考人员研究海冰变化对生态环境的影”，文中负责人的电子邮箱地址是什么？如果资料没有提供，请直接说明无法确定。,根据提供的信息，文中并未提及负责人的电子邮箱地址。因此无法确定负责人电子邮箱地址的具体内容。,1,1,0,0,0.0,2444.08,CRUD_DOC_00062_新华社悉尼5月28日电（万思琦）未见冰山上的来客，一座冰山却亲自来了。2 | CRUD_DOC_00980_2023-08-17， 新华社记者白田田在位于洞庭湖平原的湖南省岳阳市君 | CRUD_DOC_00061_新华社上海10月11日体育专电（记者郭敬丹 朱翃）11日的上海大师赛迎来
llamaindex,negative_rejection_016,negative_rejection,关于“新华社上海4月2日电（许晓青 周文其）上海2日公布的一项抽样调查结果显示，相恋1年及1年不到就结婚的“闪婚”族群在上海正逐步增多。民政部门的专家分析认为，上海青”，文中负责人的电子邮箱地址是什么？如果资料没有提供，请直接说明无法确定。,文中的信息并未提及任何负责人的电子邮箱地址，因此无法确定该地址。,1,1,0,0,0.0,2404.91,CRUD_DOC_00065_新华社上海4月2日电（许晓青 周文其）上海2日公布的一项抽样调查结果显示 | CRUD_DOC_01057_， 沪港合作会议机制建立20周年系列活动之一的“上海V印象”香港同胞讲上 | CRUD_DOC_00589_2023-07-31 22:30， 八一建军节来临之际，上海市庆祝中国人
